time_numeric,Sea_Ice_Concentration,NAO,AO,ENSO,solar_radiation,Central Arctic,Chukchi Sea,East Siberian Sea,Beaufort Sea,Canadian Archipelago,Laptev Sea,Kara Sea,Barents Sea
1980,-0.00625533,0.63,0.167,0.67,-10.546,-0.004027397,0.035742018,0.002519685,0.034942396,0.003570766,0.001897623,-0.001984561,-0.097249506
1980.083333,-0.00426567,0.72,-0.237,0.44,-1187.6,-0.002445608,-0.002033206,0.013736783,0.012062212,0.004295187,0.004347349,0.005601404,-0.113080974
1980.166667,-0.00331733,-1.09,-0.619,0.05,7243.17,0.006794521,-0.003941252,0.008848144,0.012831797,0.004108378,0.005025594,-0.000401404,-0.137460171
1980.25,-0.00027514,3,0.738,-0.09,-9250.2,-0.001056406,0.017458493,0.004069741,0.019073733,-0.000178253,-0.003040219,-0.013263158,-0.17680316
1980.333333,-0.0017232,-0.47,-0.905,0.33,-33706.24,-0.004086221,0.044947637,0.002661417,0.05493318,-0.0050082,-0.029956124,-0.014808421,-0.161437788
1980.416667,-0.00411956,-1.97,-0.212,0.5,40959.15,-0.006121676,-0.006485313,-0.055178853,-0.013539171,-0.039078788,-0.017122486,0.035357193,-0.088726794
1980.5,-0.00201988,-1.25,-0.661,0.41,-5048.7,0.017936342,-0.029624521,-0.074042745,-0.037771889,-0.017828164,-0.066765996,0.038465965,-0.006516129
1980.583333,-0.00122986,-3.2,0.499,-0.28,19473.85,0.008499597,0.068104725,-0.063500562,0.004177419,-0.104604635,-0.098478976,0.087607018,0.003441738
1980.666667,0.00309946,-0.35,0.359,-0.56,163.78,0.052059629,0.15546871,-0.114341957,0.146158986,-0.067308378,-0.133268739,0.108647018,0.00598815
1980.75,0.00329687,-1.47,0.722,-0.37,-2642.16,0.026792909,0.17141507,-0.017460067,0.052016129,-0.029069519,-0.072076782,0.012861754,0.044728111
1980.833333,0.00425907,-0.9,-1.836,-0.39,251.378,0.018134569,0.05842401,0.00152081,-0.015400922,-0.001490196,0.008778793,-0.007924211,0.121869651
1980.916667,0.00164056,-0.22,-1.352,-0.47,-204.5469,0.000782434,-0.00265645,-0.004368954,-0.030105991,-0.003262745,-0.006981718,-0.005427368,0.079965767
1981,-0.0003221,1.12,1.95,-0.9,-787.0475,0.003371475,0.005144317,0.010413948,-0.026096774,-0.003175758,-0.012998172,-0.019222456,0.010547729
1981.083333,-0.00438413,0.87,0.602,-0.86,2587.22,-0.0031805,0.016464879,-0.008314961,-0.008288018,-0.003716221,-0.004691042,-0.004050526,-0.045500987
1981.166667,-0.00420541,-0.88,-0.212,-0.67,1072.09,-0.001232877,0.017381865,-0.000312711,0.003191244,0.001083779,-0.00571298,0.000891228,0.058612245
1981.25,-0.00452816,-0.93,0.849,-0.46,-3670.6,-0.002813054,-0.011215837,-0.008121485,7.14E-05,-0.002765062,-0.000736746,0.008158596,0.120587228
1981.333333,-5.64E-05,1.7,1.335,-0.65,27458.69,-0.005402095,-0.029131545,-0.022987627,-0.029246544,-0.003681996,0.00790128,0.028147368,0.137703752
1981.416667,0.00031833,-0.08,-1.159,-0.67,-50372.95,0.003904915,-0.048932312,-0.04615748,0.00285023,-0.013927986,-0.019338208,0.021042807,0.035624753
1981.5,-0.00254441,0.47,1.183,-0.58,6664.6,-0.010744561,-0.014980843,-0.082139483,-0.0915,-0.026603922,-0.023936015,0.036978246,0.00157867
1981.583333,-0.00541695,2.63,-0.059,-0.15,-24408.13,-0.013972603,-0.071146871,-0.145064117,-0.151394009,-0.043855971,-0.004133455,0.03117614,0.005273206
1981.666667,-0.0049004,-2.11,-1.353,0.09,-13178.31,-0.017960516,-0.04451341,-0.093568054,-0.141949309,-0.081818182,0.015277879,0.041489123,0.000489796
1981.75,-0.0025738,0.42,-0.646,-0.04,634.644,0.007543916,-0.01265645,0.00048369,-0.032887097,-0.069766845,-0.038850091,0.031950877,-0.031439105
1981.833333,-0.0049097,-0.01,1.173,-0.31,-884.878,-0.00251249,0.069246488,0.019286839,0.031119816,-0.009424599,-0.020040219,-0.073945263,-0.115182357
1981.916667,-0.00319905,-0.8,-1.159,-0.25,180.675,0.00404996,0.014957854,0.015113611,0.02268894,-0.000693048,0.003630713,-0.020387368,-0.048235681
1982,0.003145,-1.26,-0.767,0.49,665.3235,0.001685737,-0.002625798,-0.001952756,0.023774194,0.000158289,0.014703839,0.022206316,0.091402238
1982.083333,0.0039388,0.23,1.306,0.47,-2388.77,0.007459307,-0.034112388,0.009176603,-0.018718894,-0.00023672,0.005934186,0.010467368,0.119889401
1982.166667,0.00509387,2.34,2.719,0.77,-8822.67,-0.000238517,-0.014666667,0.007367829,-0.021375576,-0.003105882,0.00702011,0.006369123,0.003763002
1982.25,0.0054631,-0.26,1.024,0.74,468.37,-0.000655923,-0.001108557,0.006310461,-0.022854839,0.001246346,0.003974406,-0.000395789,-0.035109941
1982.333333,0.00248214,-0.73,-0.389,1.02,-4423.85,0.001177276,0.031075351,0.034213723,-0.010170507,0.010287344,0.024409506,-0.020967018,-0.112197498
1982.416667,0.00493677,-1.18,-0.742,0.99,20418.76,0.011901692,0.059895275,0.102134983,-0.033875576,0.021079501,0.072605119,-0.04082807,0.014768927
1982.5,0.00655288,1.1,-0.556,1.01,20301.2,0.026007252,0.040270754,0.15415973,0.027735023,0.037002496,0.082967093,-0.059604211,0.048165899
1982.583333,0.00600075,-0.13,0.606,1.26,14675.28,0.023973409,0.024265645,0.161610799,0.122806452,0.053567201,0.038842779,-0.05093193,0.027668203
1982.666667,-0.00013321,3.21,1.598,1.68,24312.03,-0.008069299,-0.057277139,0.036897638,-0.002963134,0.06434082,-0.066380256,-0.070409825,0.038788677
1982.75,0.0048508,0.61,0.956,2.29,-2272.617,-0.025346495,-0.003047254,-0.003745782,0.045253456,0.079522282,-0.009321755,0.02944,0.090522712
1982.833333,0.0091599,1.98,0.849,2.33,147.224,-0.019089444,-0.012577267,-0.009412823,0.039737327,0.021860963,0.019157221,0.113581754,0.090651745
1982.916667,0.00478415,1.8,2.183,2.4,-80.0942,-0.015775987,-0.019614304,-0.010386952,0.014518433,0.008493405,-0.00023766,0.008694737,-0.071935484
1983,-0.0015582,2.48,2.242,2.22,-425.0633,-0.016735697,0.002871009,-0.00536333,-0.000354839,0.005568627,-0.007422303,-0.014391579,-0.205674786
1983.083333,0.0006912,-1.68,-2.78,2.11,-63.295,-0.01501531,0.033729246,-0.008794151,0.037919355,0.006012121,-0.009612431,-0.013737544,-0.172028966
1983.166667,-0.00212953,-0.2,-1.641,1.25,-11337.72,-0.018792909,0.018469987,-0.00495838,0.025488479,0.002238859,-0.007442413,-0.013668772,-0.164950625
1983.25,-0.00513385,-0.95,-2.192,0.74,-16242.44,-0.010505238,0.009941252,-0.001460067,0.006456221,0.002464171,-0.009539305,-0.007049825,-0.144147465
1983.333333,-0.00366974,0.46,-0.232,0.45,-20672.46,-0.007807413,-0.015765006,-0.011687289,0.028536866,0.005736898,-0.020661792,0.001991579,-0.073152074
1983.416667,-0.0019563,2.62,1.493,0.01,17227.04,-0.026269944,0.089777778,0.002904387,0.025089862,0.007813191,-0.047595978,0.022534737,-0.129712969
1983.5,9.09E-05,0.04,0.126,-0.48,-46295.1,-0.044088638,0.14284802,-0.013183352,0.09328341,0.012185383,-0.04376234,-0.014807018,-0.104499013
1983.583333,1.81E-05,1.35,0.736,-1,-26519.13,-0.023066882,0.131869732,-0.007028121,0.083285714,0.000724421,-0.101987203,-0.029639298,-0.044427913
1983.666667,0.00351495,-2.88,-0.391,-2.01,-20786.87,0.002877518,0.200832695,0.085255343,0.18475576,-0.042670945,-0.004270567,-0.049378246,-0.045410138
1983.75,0.0014563,1.39,1.58,-3.15,478.844,0.013499597,0.127726692,0.094679415,0.087087558,-0.025562923,0.085731261,-0.117765614,-0.103867018
1983.833333,-0.00110065,-2.58,-1.349,-3.21,432.319,0.027025786,0.074630907,0.022251969,-0.019423963,-0.010431373,-0.002343693,-0.085991579,-0.04319684
1983.916667,-0.00352726,-1.49,-0.781,-3.23,-189.7253,0.012008058,-0.048779055,0.001214848,-0.013923963,-0.009309091,0.001312614,0.007649123,0.058480579
1984,-0.0040503,0.07,-0.454,-3.02,375.6939,0.009058824,-0.055351213,0.00456018,-0.004299539,-0.006180392,0.010767824,-0.004221754,0.035977617
1984.083333,-0.0081527,1.25,1.503,-2.13,-946.995,-0.004450443,-0.037739464,0.001572553,-0.003023041,-0.004259537,0.001689214,-0.03362386,-0.061465438
1984.166667,-0.0040343,-1.32,-1.819,-1.9,18590.55,0.011850927,-0.022201788,0.007727784,-0.001617512,-0.003094474,0.000707495,-0.020965614,0.017120474
1984.25,-0.00033945,0.57,0.454,-1.63,32786.44,0.000339243,-0.009021711,-0.001768279,0.016686636,-0.004051337,0.005707495,-0.000896842,0.020470046
1984.333333,0.00041515,0.61,0.92,-1.63,11733.06,-0.009319903,0.0089553,0.00183802,0.00785023,-0.008048485,0.020466179,-0.007365614,-0.029379855
1984.416667,-0.0019913,-1.41,-0.306,-1.44,-21720.3,0.006551974,-0.071933589,-0.020785152,0.011700461,-0.002160428,0.051360146,-0.02229193,-0.017924951
1984.5,-0.00665035,-1.26,-0.112,-0.39,14160.24,-0.010489927,-0.149535121,-0.024994376,-0.003156682,-0.029665597,0.05125777,-0.066924912,-0.015910467
1984.583333,-0.00352946,-0.46,-0.632,0.03,5978.72,-0.042085415,-0.107624521,0.066143982,-0.038343318,-0.028529055,0.169073126,-0.053312281,-0.004863726
1984.666667,-0.00716395,1.29,-0.58,0.18,-3033.11,-0.059846898,-0.212469987,0.007424072,-0.102103687,0.010653832,0.071394881,-0.030110877,-0.000907176
1984.75,-0.0101623,-0.72,-1.639,0.49,-542.981,-0.049686543,-0.218891443,-0.063230596,-0.079407834,-0.015428164,0.00326691,-0.027070877,-0.011545754
1984.833333,-0.00846375,0.92,-0.278,0.1,-773.975,-0.041640612,-0.172436782,-0.044965129,-0.013476959,-0.004011408,-0.005915905,0.02989614,-0.094564845
1984.916667,-0.00370574,-0.29,0.26,-0.31,-36.6929,-0.041197421,0.055994891,-0.001509561,-0.000882488,0.000537611,0.000725777,-0.015181754,-0.134046083
1985,0.0006866,-3.27,-3.711,-0.49,690.6074,-0.036154714,0.053295019,0.004762655,0.006930876,0.001490196,-0.00623766,0.004009825,-0.009246873
1985.083333,0.0035773,-1.21,-1.137,-0.53,5547.514,-0.007008864,0.037455939,0.004935883,0.007582949,-0.000517647,0.006702011,0.036832281,0.110210665
1985.166667,0.0025685,0.57,2.937,-0.27,-3074.75,-0.019381144,0.029047254,-0.009871766,0.009320276,-0.002164706,-0.001632541,0.014252632,-0.004995392
1985.25,0.0044783,0.6,0.936,-0.5,-6176,0.000960516,0.020998723,0.00351856,0.006175115,0.000534759,-0.002040219,0.003128421,0.063728769
1985.333333,0.00453715,-1.03,-0.911,-0.3,2023.3,0.012353747,0.015736909,0.010614173,-0.004753456,-0.007525134,-0.004210238,0.003285614,0.085861751
1985.416667,-0.00151584,-0.38,-0.354,-0.01,-145.2,-0.006290089,0.075555556,-0.002116985,-0.015930876,-0.004999643,-0.056184644,-0.059361404,0.07236208
1985.5,-0.00352341,1.29,-0.409,-0.24,15537.76,-0.01343191,0.08456705,-0.039754781,0.01309447,-0.013408913,-0.070603291,-0.002807018,0.019436471
1985.583333,-0.00103094,-1.63,-0.467,-0.32,22929.41,0.004087027,0.070740741,-0.054049494,0.108082949,0.00329697,-0.076391225,-0.022098246,0.00235023
1985.666667,0.00152645,-0.69,0.527,-0.36,14978.11,0.023549557,0.117925926,0.039185602,0.079004608,-0.019023173,-0.062908592,-0.011500351,0.001090191
1985.75,0.00243225,0.97,1.305,0.18,-570.41,0.041005641,0.180893997,0.056609674,0.072640553,0.004901248,-0.087654479,-0.082773333,0.020097433
1985.833333,0.00232316,-0.61,-0.252,0.82,942.745,0.034995165,0.128544061,0.010215973,-0.000364055,0.00377041,-0.001,-0.087417544,0.067274523
1985.916667,-0.0004807,0.22,-2.394,0.93,307.1324,0.033270749,-0.018613027,-0.070564679,0.001592166,0.001267736,-0.002488117,0.009710877,0.095454905
1986,0.00189104,2.72,2.238,0.5,-690.011,0.035420629,-0.004819923,-0.04176378,0.003751152,-0.000975401,0.003893967,0.017830175,0.081864384
1986.083333,0.0011392,-0.51,-1.464,0.01,2041.776,0.018175665,0.013065134,-0.02215973,-0.005672811,-0.004119786,-0.002846435,-0.007646316,0.013013825
1986.166667,-0.000104,1.51,1.38,0.37,-6638.59,0.020762288,-0.007501916,-0.024503937,-0.016301843,-0.005658467,-0.006440585,-0.000491228,0.043349572
1986.25,-0.006269,-0.91,-0.549,0.85,-2762.25,0.003979049,-0.015453384,-0.031212598,-0.022870968,-0.006455615,-0.003016453,-0.006964211,-0.028670178
1986.333333,-0.0071994,1.34,0.799,0.5,-14123.4,0.00164303,-0.049100894,-0.02352081,-0.023343318,-0.001317647,-0.005775137,0.00965193,0.016541145
1986.416667,5.11E-05,2.02,0.882,0.6,1795.96,0.023804996,-0.188332056,-0.079658043,0.017177419,-0.000975401,0.019153565,0.09445193,0.015556287
1986.5,0.0072118,-1.1,0.382,0.63,-3177.1,0.044128928,-0.151680715,-0.099547807,0.042958525,0.03933975,0.080493601,0.101427368,0.02961027
1986.583333,0.004638,-0.61,-0.825,0.88,61.5,0.045739726,-0.133739464,-0.138827897,-0.041631336,0.087184314,0.057674589,0.104717193,0.004330481
1986.666667,0.0054283,-0.6,-0.137,1.23,5371.95,0.047554392,-0.158206897,-0.068953881,-0.118808756,0.09236221,0.126541133,0.134649825,0.006595128
1986.75,0.00808085,0.65,0.39,1.3,2854.735,0.012734085,-0.074500639,-0.007147357,-0.068285714,0.039636364,0.082809872,0.170261053,0.02439763
1986.833333,0.00523109,2.96,2.144,1.38,-749.557,-0.013721998,-0.14658493,0.005883015,-0.017308756,0.007689127,0.007228519,0.043292632,-0.002483213
1986.916667,0.0033899,0.77,2.008,1.53,-89.2484,-0.013022562,0.001951469,0.079435321,-0.026119816,0.001638503,0.008473492,-0.009367018,0.009782752
1987,0.0001424,-2.26,-0.58,1.8,183.3596,-0.031241741,0.006676884,0.046735658,-0.028910138,0.004663102,-0.005923218,-0.014446316,-0.048959842
1987.083333,0.00421964,0.27,1.431,1.84,-4415.413,-0.012741338,-0.00258493,0.031507312,-0.020942396,0.013033868,0.004157221,0.009035789,0.068304147
1987.166667,-0.0003482,-1.57,-3.677,1.4,8368.71,-0.009258662,0.006804598,0.032661417,-0.016336406,0.014387166,0.005263254,0.012458947,0.073104674
1987.25,0.0033607,2.59,0.284,0.91,-8118.88,-0.009411765,0.011527458,0.032546682,0.0025553,0.012049911,-0.001884826,0.006922105,0.100201448
1987.333333,0.00323106,0.13,-0.042,1.15,17689.4,-0.011489927,0.032500639,0.023408324,0.004914747,0.016899822,0.006473492,-0.013712281,-0.00154707
1987.416667,0.00474686,-3.04,-1.245,1.23,-13305.86,-0.007746172,0.12959387,0.093689539,-0.079963134,0.019793226,0.025628885,-0.007767018,0.026483213
1987.5,-0.00075978,0.4,-0.458,1.4,-7644.66,-0.00021112,0.094899106,0.097228346,-0.228536866,0.007998574,-0.010349177,-0.026433684,0.023203423
1987.583333,-0.004791,0.26,-0.01,1.25,5895.59,0.017768735,0.027660281,-0.00584027,-0.195979263,-0.049430303,-0.057798903,-0.059132632,0.008618828
1987.666667,0.00033746,-0.1,0.31,1.12,-2196.26,0.016843674,0.162715198,0.050263217,0.003460829,-0.044322282,-0.018879342,-0.101263158,0.003203423
1987.75,-0.0025373,-1.41,-1.505,0.43,354.062,0.031895246,-0.024393359,-0.015473566,-0.145714286,-0.02742246,0.00252468,-0.032495439,0.045312706
1987.833333,-0.00049575,-2.11,-1.462,0.06,-183.571,0.033913779,0.09801788,0.037052868,0.024274194,-0.015887344,0.006137112,0.028310175,0.03914944
1987.916667,-0.0069227,-0.67,-0.594,-0.18,-129.6711,0.038834005,0.055831418,0.021685039,0.04906682,-0.001979323,-0.001471664,-0.105209825,-0.070604345
1988,0.00414656,2.17,1.413,-0.24,-855.7529,0.049926672,0.007816092,0.010749156,0.041428571,0.001842424,0.008632541,-0.000115088,0.026026333
1988.083333,-0.00382424,1.49,0.407,-0.85,-2009.157,0.027337631,2.30E-05,0.00447919,0.031767281,-0.006971836,0.001021938,0.003056842,-0.066172482
1988.166667,0.0028984,-0.31,1.549,-0.88,-271.51,0.025724416,0.017846743,0.00752081,0.032400922,-0.006004991,0.007526508,-0.001928421,-0.041429888
1988.25,-0.0004998,-3.17,-0.948,-1.02,29694.28,0.025825141,0.003550447,0.001736783,0.009230415,-0.011761854,0.00697989,0.008436491,-0.067348255
1988.333333,-0.00487536,-0.35,-1.171,-1.87,2010.8,-0.003210314,-0.018842912,-0.020416198,-0.006186636,-0.025752585,-0.030422303,-0.003745965,-0.031791968
1988.416667,-0.00680386,2.7,0.771,-2.66,-1492.26,-0.019059629,0.047139208,-0.003547807,0.025864055,-0.048081283,-0.076703839,-0.055212632,-0.050863726
1988.5,-0.00525706,-0.87,0.323,-3.03,30587.16,-0.01286946,0.050127714,0.00687964,0.067202765,-0.054814973,-0.100219378,-0.05445193,-0.021608953
1988.583333,-0.0006745,0.87,1.091,-2.76,-23007.87,-0.02895971,0.065417625,0.073617548,0.012509217,-0.041825312,-0.039447898,0.022728421,0.00637788
1988.666667,-0.00315296,0.23,0.752,-2.65,-7838.32,-0.026521354,0.017065134,-0.114911136,-0.058357143,-0.04002139,-0.032670932,0.066394386,0.013697169
1988.75,0.00019155,-1.22,0.112,-3.14,1744.727,-0.01051249,0.087471264,-0.087734533,0.157290323,-0.072664528,-0.022159049,0.071134035,0.021635286
1988.833333,0.00207885,-0.52,0.501,-3.12,325.909,0.00649718,0.048845466,-0.018132733,0.034186636,0.011490909,-0.005034735,0.047615439,0.084882159
1988.916667,0.0136145,0.29,2.213,-2.9,60.707,0.006414988,0.002464879,-0.012571429,0.000205069,0.010959002,-0.016771481,0.112151579,0.141811718
1989,-4.79E-05,0.15,2.841,-2.87,134.8963,0.005593876,0.013417625,-0.018492688,-0.000615207,0.006599643,-0.007557587,0.011184561,0.04037393
1989.083333,-0.003056,1.24,4.345,-1.75,2034.72,0.004721193,-0.050962963,-0.019723285,-0.021417051,0.005645633,-0.003588665,0.00450386,0.022845293
1989.166667,-0.00810955,2.02,1.727,-1.31,-3056.64,-0.002663175,-0.070066411,-0.019667042,-0.026262673,0.001972193,-0.010230347,-0.005605614,-0.048564845
1989.25,-0.0099119,1.45,0.311,-0.64,-16372.46,-0.006246575,-0.054099617,-0.020015748,-0.013640553,0.008276649,-0.004422303,-0.022223158,-0.120566162
1989.333333,-0.0008547,0.75,1.735,0.37,-6957,0.013028203,0.005154534,0.008294713,0.024179724,0.014746524,0.015747715,-0.014863158,-0.080634628
1989.416667,0.0029109,-1.15,0.284,1.15,26256.46,0.015780016,-0.102500639,-0.084438695,0.081004608,0.017341889,0.054096892,0.02277193,0.01323239
1989.5,0.0036746,1.32,1.009,1.17,-28036.04,0.016432716,-0.088970626,-0.150782902,0.11635023,0.011700535,0.096656307,0.052064561,0.022726794
1989.583333,0.0014095,-0.03,0.296,0.66,4721.78,0.006045931,-0.091318008,-0.213622047,0.035698157,0.001404635,0.10050457,0.087578947,0.018030283
1989.666667,-0.0056855,3.04,-0.336,0.7,-1556.64,-0.059153908,-0.16699106,-0.259901012,0.029248848,0.007974332,-0.02825777,0.042586667,0.011764319
1989.75,-0.00626065,1.05,0.959,1.5,-3911.867,-0.076995971,-0.168260536,-0.111097863,-0.101301843,0.062779323,0.009738574,-0.043792281,-0.030277814
1989.833333,-0.00475585,0.5,0.069,1.6,-657.289,-0.058284448,-0.085828863,-0.011966254,-0.020013825,0.009256328,-0.010934186,-0.090586667,-0.096919026
1989.916667,-0.00397963,-1.76,-2.323,1.83,88.0757,-0.03532635,-0.035381865,-0.002888639,-0.009654378,0.003369697,0.010669104,-0.026308772,-0.075766952
1990,-0.00358465,-0.13,-2.105,1.98,-40.495,-0.055136986,0.0020894,0.010299213,-0.005080645,0.007696257,0.005685558,-0.002501053,-0.091608953
1990.083333,0.00163456,-0.59,0.123,1.68,-2096.563,-0.055703465,0.060068966,0.006674916,0.019142857,0.004559002,-0.003478976,-0.014839298,-0.138086899
1990.166667,0.00360545,-0.39,1.46,1.25,-1544.85,-0.026852538,0.061719029,0.002812148,0.026131336,0.00606631,-0.003407678,-0.003957895,-0.016042133
1990.25,-0.00073134,1.72,2.129,1.16,-11826.19,-0.028284448,0.040906769,-0.028440945,0.014866359,0.001470232,-0.013577697,-0.024065965,-0.041877551
1990.333333,-0.0048987,-2.91,0.054,0.96,-8486.3,-0.016350524,-0.018888889,-0.170024747,-0.011820276,0.00328984,-0.057555759,-0.034314386,-0.057454905
1990.416667,-0.0086195,0.25,-0.041,0.51,-15826.1,-0.000747784,-0.017083014,-0.198258718,-0.05106682,0.017270588,-0.096493601,-0.023566316,-0.082712311
1990.5,-0.0091801,-0.44,-1.162,0.66,23902.38,-0.029908139,-0.060939974,-0.194983127,-0.040585253,0.029192157,-0.135778793,-0.030526316,-0.062151415
1990.583333,-0.00645214,0.96,-0.731,0.75,564.67,0.00239162,-0.017885057,-0.190897638,0.121587558,0.042529768,-0.180795247,-0.073597193,-0.027295589
1990.666667,-0.0036429,-0.99,-0.913,0.52,4334.71,0.013237712,-0.015106003,-0.091727784,0.081172811,0.04720713,-0.101223035,-0.048705965,-0.032254115
1990.75,-0.00245015,0.26,-0.331,0.61,2527.925,0.025252216,-0.04603576,-0.087592801,0.052320276,0.011843137,-0.09997989,0.025406316,-0.06961027
1990.833333,0.0018184,-0.4,0.487,0.55,188.87,0.034730056,-0.051501916,-0.000233971,-0.007781106,0.001060963,0.010464351,0.104710175,-0.009440421
1990.916667,-0.00174477,1.37,1.921,0.48,-261.8479,0.008978243,0.016247765,0.010605174,0.00868894,-0.003217112,0.008219378,0.038049123,-0.031481238
1991,-0.0033007,-0.18,-0.278,0.48,485.8453,0.022549557,-0.01099106,0.000872891,0.000308756,-0.007152941,0.004718464,-0.001755789,-0.019631336
1991.083333,-0.00311206,-0.37,-4.278,0.11,1482.946,0.026178082,-0.00594636,0.004940382,0.001836406,-0.004260963,0.006435101,-0.001302456,0.01157472
1991.166667,-0.001484,-1.66,-3.517,-0.01,-4624.51,0.010867043,-0.002117497,0.006697413,0.008467742,-0.002190374,0.011263254,0.008978246,0.000955892
1991.25,0.00722587,-1.71,-1.349,0.11,13110.59,0.019318292,0.014163474,0.033138358,0.006428571,0.003654902,0.002511883,0.012819649,0.045486504
1991.333333,0.0069284,1.61,-0.457,0.18,1384.45,0.023660757,0.001841635,0.125286839,-0.068831797,-0.0072,0.031468007,0.046874386,0.097170507
1991.416667,0.0053114,-0.8,-0.419,0.6,-3709.2,-0.003771958,0.020498084,0.209397075,-0.003868664,-0.02408984,0.063458867,0.028196491,0.038708361
1991.5,0.00279986,-1.02,0.108,0.67,-2736.69,-0.013246575,0.086436782,0.228103487,0.078317972,-0.013859537,-0.013129799,0.006634386,0.019066491
1991.583333,0.00256754,0.26,0.977,0.46,-6246.26,-0.050598711,0.098564496,0.175959505,0.092398618,-0.024741533,0.007526508,0.030898246,0.001478604
1991.666667,-0.000131,-0.58,0.098,0.2,-2277.99,-0.039339243,0.081900383,0.104184477,0.071746544,-0.029657041,-0.017341865,-0.04349614,0.000886109
1991.75,0.00010695,-0.42,-0.912,0.65,-2382.715,0.001426269,0.013711367,0.059667042,0.031698157,-0.004148307,0.025941499,-0.034826667,0.041684003
1991.833333,-0.0044618,0.72,-0.236,1.1,140.348,-0.013800161,-0.090393359,-0.056184477,-0.01152765,-0.006096257,-0.008095064,-0.066510877,0.034290981
1991.916667,-0.003329,0.24,0.336,1.34,212.3445,-0.010224819,-0.047920817,-0.025235096,-0.005082949,0.006013547,-0.023672761,-0.025592982,-0.021457538
1992,0.0005752,-0.99,-0.173,1.35,-446.7223,0.010398066,-0.000633461,0.001016873,0.005804147,0.00285205,-0.004709324,-0.004311579,-0.017848585
1992.083333,0.0045493,0.03,1.998,1.46,-1965.413,0.022380338,0.008582375,0.009887514,0.007050691,0.006244563,0.009164534,0.004458947,0.029799868
1992.166667,0.0009947,1.07,1.511,1.35,1583.72,0.005327961,0.012168582,0.009057368,0.001619816,0.006894831,0.002884826,-0.016078596,-0.078480579
1992.25,-0.00045733,1.57,-1.051,1.01,-4614.94,0.000771958,-0.001100894,0.013460067,0.00112212,0.000915508,0.013914077,0.019487719,-0.024925609
1992.333333,-0.0007677,2.55,0.855,0.78,18951.15,-0.009937147,0.031693487,0.025970754,0.091631336,0.002404278,0.026144424,-0.026331228,-0.128069783
1992.416667,0.00363223,1.02,-0.187,0.06,16946.34,-0.001742949,0.021279693,-0.020823397,0.069357143,0.012663102,0.036255941,-0.013350175,-0.041477288
1992.5,0.00566124,0.65,0.379,-0.54,-12416.35,-0.003315874,-0.035315453,-0.102897638,-0.041608295,0.004781462,0.090005484,-0.023612632,0.008100066
1992.583333,0.00273936,-0.38,-0.262,-0.63,8693.56,0.009407736,-0.07750447,-0.02176378,-0.084394009,0.055800357,0.100522852,-0.044126316,0.000804477
1992.666667,0.0101664,-0.92,-0.528,-0.48,-5989.42,0.03809589,0.058546616,0.083732283,0.018831797,0.064075579,0.17409872,0.03613193,0.003202107
1992.75,0.01114146,-1.57,-0.114,-1.16,2194.19,0.019995971,0.148860792,0.13224072,0.109251152,0.0248,0.115866545,0.099994386,0.026315997
1992.833333,0.00571506,0.71,0.432,-1.48,331.375,0.017298147,0.138490421,0.060951631,0.001126728,-0.003352585,0.008106033,0.051835789,-0.013752469
1992.916667,0.006428,0.01,0.014,-1.84,23.9494,0.014908944,0.049139208,0.009545557,-0.001502304,-0.007761854,0.017480804,0.016637193,0.021874918
1993,0.0040086,1.73,2.945,-1.7,462.788,0.007346495,0.005438059,-0.009889764,-0.011663594,-0.003338324,-0.002873857,-0.010694737,0.015000658
1993.083333,0.0007148,-0.57,-0.938,-1.37,887.225,-0.006900081,-0.00291954,-0.009527559,-0.01597235,-0.005165062,-0.005568556,-0.006266667,-0.024601712
1993.166667,0.0039683,-0.2,-0.22,-0.99,1541.58,0.011647059,-0.010275862,-0.020701912,-0.003635945,-0.004839929,-0.011491773,0.001928421,0.075441738
1993.25,0.0027244,-0.89,0.086,-0.61,2662.5,0.005962127,0.005049808,-0.005412823,-0.004241935,-0.007850267,-0.009954296,-0.010818246,0.070412113
1993.333333,-0.0002794,-3.41,-2.948,-0.26,-8600.15,0.006771152,-0.028551724,-0.006407199,-0.051428571,-0.010542602,-0.031151737,0.01733614,0.134901909
1993.416667,-0.00822053,-0.79,-0.218,-0.23,-22229.14,-0.019742143,-0.076607918,0.019689539,-0.163285714,-0.012742959,-0.060829982,-0.063754386,0.074722844
1993.5,-0.0113313,-3.34,-0.702,0.01,-17116.15,-0.022076551,-0.142040868,-0.029968504,-0.231110599,-0.026797861,0.009469835,-0.043211228,0.03798025
1993.583333,-0.00786692,-0.73,-0.928,0.08,-11865.28,-0.005082192,-0.161461047,-0.08008324,-0.227947005,-0.065401783,0.030619744,-0.014150175,0.016871626
1993.666667,-0.0096756,-0.13,0.279,0.41,6011.11,0.03031668,-0.252150702,-0.14391676,-0.25816129,-0.07702246,-0.03579159,-0.038581053,0.024983542
1993.75,-0.00765812,1.05,-0.199,0.36,575.127,0.009478646,-0.127713921,-0.016985377,-0.290806452,-0.045927986,-0.040917733,-0.094092632,0.01845293
1993.833333,-0.00219542,1.37,0.285,0.28,-71.303,-0.018997583,-0.086651341,0.011824522,-0.051440092,-0.000698752,-0.007349177,-0.053431579,-0.004982225
1993.916667,-0.0028479,1.09,-1.731,0.31,96.4341,-0.015837228,-0.012909323,0.017160855,-0.021396313,0.000596078,-0.00228702,-0.050489825,-0.005556287
1994,-0.00020184,-0.56,-3.783,-0.04,-17.503,-0.010394037,-0.02555811,-0.000773903,-0.004354839,-0.005331907,0.002670932,0.014700351,0.076857143
1994.083333,-0.000485,-0.04,-1.046,-0.35,3578.375,0.001489927,-0.058393359,0.002542182,0.006679724,-0.0016,-0.000535649,0.021964912,0.119669519
1994.166667,-0.00225994,0.59,1.117,-0.28,543.06,-0.003183723,-0.021586207,0.011448819,0.000294931,0.001879501,0.006744059,0.01426807,0.043052008
1994.25,-0.0012147,0.17,0.66,-0.33,-9774.15,-0.002974214,-0.006408685,0.007075366,0.003423963,0.004429234,0.011321755,0.004609123,-0.004510862
1994.333333,0.0031579,0.21,1.492,-0.47,5103.75,0.000986301,0.018278416,0.032382452,-0.008571429,-0.000959715,0.033290676,0.006891228,0.032957209
1994.416667,0.0049778,2.11,2.126,-0.03,6312.6,-0.000232071,0.115024266,0.035255343,0.162205069,-0.019649198,0.035731261,0.051873684,-0.016242265
1994.5,0.0075453,4.49,0.862,0.01,14446.25,-0.033319098,0.255478927,0.291174353,0.254686636,-0.008946881,-0.027590494,0.039288421,-0.046363397
1994.583333,0.00498346,0.26,1.221,0.4,18771.28,-0.014867043,0.216122605,0.317716535,0.152048387,-0.026669519,-0.040672761,-0.014990877,-0.026761027
1994.666667,0.00645406,-0.75,0.277,0.13,9661.09,-0.015184529,0.259218391,0.290535433,0.179198157,-0.006964706,-0.046396709,-0.014784561,-0.032479263
1994.75,0.00199936,-0.26,0.739,0.69,950.976,0.010172442,0.241708812,0.053788526,0.226080645,0.002705169,-0.130279707,-0.107555088,-0.050248848
1994.833333,0.00156716,-1.92,0.777,1.11,-123.933,0.033652699,0.216799489,-0.004404949,0.052092166,-0.018298752,4.75E-05,0.031086316,0.044658328
1994.916667,-0.0001124,0.46,0.998,1.09,-186.9084,0.022459307,0.03164751,-0.00495613,0.024099078,0.001052406,0.001383912,0.033009123,-0.00521659
1995,-0.00178802,-0.11,0.134,0.92,6.9227,0.01481386,0.027859515,0.009847019,0.009290323,0.002324421,0.007261426,-0.01237193,-0.07324424
1995.083333,-0.0029519,0.68,2.291,0.67,-3593.68,0.009806608,0.06389272,-0.001223847,0.004990783,0.002397148,-0.002559415,-0.042884211,-0.132068466
1995.166667,-0.00362151,-0.01,-1.488,0.35,-4520.18,0.001997583,0.022288633,0.003156355,0.003923963,-0.000593226,0.00520841,-0.023768421,-0.108337064
1995.25,-0.00630616,-1.99,-1.188,0.02,-12776.75,-0.002091056,-0.000541507,-0.000983127,-0.017831797,-3.28E-05,0.002972578,-0.119797895,-0.147294273
1995.333333,-0.00905065,-0.92,-0.776,-0.42,-16993.94,-0.008133763,-0.044229885,-0.011048369,-0.04137788,0.008523351,-0.014658135,-0.089298246,-0.131311389
1995.416667,-0.0087604,-1.39,-1.718,-0.46,2646.85,0.018062047,-0.042426564,0.044470191,-0.158993088,-0.011945811,-0.063146252,-0.128496842,-0.058376564
1995.5,-0.0088736,-1.53,-0.568,-0.45,-27417.75,0.054133763,-0.129568327,-0.08535883,-0.205806452,0.007837433,-0.107431444,-0.138057544,-0.016497696
1995.583333,-0.0058845,0.31,-0.284,-1.16,-12287.3,0.02842224,-0.005146871,-0.121403825,-0.128746544,0.01543672,-0.162581353,-0.084600702,-0.001710336
1995.666667,-0.00813526,1.63,-0.465,-1.32,-155.28,0.012714746,-0.079254151,-0.21184252,-0.10668894,0.003245633,-0.178521024,-0.047294035,-0.000279131
1995.75,-0.0140757,1.16,-0.099,-1.63,-593.55,-0.07611523,-0.263461047,-0.201102362,-0.134921659,0.018345811,-0.154515539,-0.024698947,-0.032707044
1995.833333,-0.0077997,-2.02,-2.502,-2.21,417.54,-0.025542305,-0.316628352,-0.052413948,-0.020587558,0.013688414,-0.008886654,-0.040207719,-0.032412113
1995.916667,-0.0049264,-3.69,-3.021,-2.2,354.8631,-0.009221595,-0.093706258,-0.035471316,-0.00890553,0.000765775,-0.007411335,-0.005337544,0.040138249
1996,-0.00777454,-1.05,-1.046,-1.88,-309.879,-0.019228848,-0.023553001,-0.010488189,-0.002129032,-0.000527629,-0.004279707,-0.01714386,0.016179065
1996.083333,-0.0045321,-1.21,-1.266,-1.59,2288.71,-0.021066882,-0.025016603,-0.015968504,-0.006186636,-0.00173975,0.003658135,0.018874386,0.09636998
1996.166667,-0.00484135,-1.49,-1.876,-1.07,14307.68,-0.018701048,-0.018378033,-0.011802025,-0.014260369,-0.00352656,-0.00197075,-0.002491228,0.055271889
1996.25,-0.00126274,0.68,-0.562,-0.75,27223.18,-0.006676873,-0.010648787,-0.008508436,0.013154378,0.002609626,-0.005592322,0.112230175,0.130934826
1996.333333,0.00403725,0.43,0.665,-0.27,46106.34,0.000138598,-0.016546616,-0.027156355,0.071771889,5.85E-05,0.011875686,0.103061053,0.114102699
1996.416667,0.01034636,0.43,0.609,-0.3,18929.5,-0.004586624,-0.11201788,-0.029448819,0.107145161,0.025828164,0.141839122,0.157272982,0.068797893
1996.5,0.01475775,0.89,0.932,-0.23,60027.5,0.032532635,-0.039167305,0.135511811,0.152917051,-0.010334403,0.234862888,0.185374035,0.032082949
1996.583333,0.0121655,0.33,-0.419,0.41,8937.58,-0.029638195,-0.095177522,0.301174353,0.121304147,0.035057398,0.311820841,0.14805193,0.004201448
1996.666667,0.0136428,-1.17,-0.591,0.39,-13828.67,-0.041946817,-0.041798212,0.383397075,0.136195853,0.024845633,0.403201097,0.141075088,-0.000375247
1996.75,0.01760264,-0.52,0.108,0.44,-4873.303,0.050399678,0.063335888,0.226357705,0.186794931,-0.015727629,0.32990128,0.185622456,0.016302831
1996.833333,-0.00307425,0.82,0.859,0.69,260.091,-0.011893634,0.003971903,0.021320585,0.009195853,-0.012721569,0.009994516,-0.075062456,-0.080574062
1996.916667,-0.0005671,0.26,0.406,0.31,-367.46,0.010404512,0.01837037,-0.00168054,-0.000870968,-0.01245918,0.014725777,-0.030734035,-0.043928901
1997,0.00289435,-0.37,0.743,0.33,471.9288,0.018003223,0.007274585,-0.003410574,0.003165899,-0.00527344,-0.004043876,0.02522386,0.022352864
1997.083333,0.00528415,1.77,1.726,0.49,-553.5,0.020303787,0.019696041,0.011496063,0.012605991,-0.002976114,0.003740402,0.015403509,0.030980908
1997.166667,0.0046074,1.7,2.574,0.36,-5071.48,0.011601934,0.013095785,0.008274466,0.013976959,0.001042424,0.000319927,0.007430175,0.030485846
1997.25,0.0021259,-0.85,1.849,0.63,-8783.3,0.010640612,0.002590038,-0.005016873,-0.001085253,-0.006879144,-0.018499086,-0.006321404,0.103079658
1997.333333,-0.00097416,0.78,-0.735,1.02,-37214.15,0.007839645,0.017537676,0.028425197,0.005481567,0.003104456,-0.011996344,-0.077397895,-0.004945359
1997.416667,-0.0081197,-2.03,-1.312,1.53,-1552.65,0.00520145,0.006393359,-0.028899888,-0.048564516,0.019757576,-0.090915905,-0.108138947,-0.02723634
1997.5,-0.01150012,-0.33,-1.146,2,-49308.65,-0.024221595,-0.032508301,-0.120364454,-0.092898618,0.014649554,-0.137987203,-0.129741754,0.003019092
1997.583333,-0.0083146,-0.19,-0.004,2.11,14699.06,0.037950846,0.016641124,-0.230533183,-0.027329493,0.007435294,-0.194115174,-0.108498246,0.00042528
1997.666667,-0.0091313,1.47,1.335,2.58,3399.75,0.026618856,-0.052825032,-0.171941507,-0.106076037,0.045763993,-0.266585009,-0.112471579,0.001849901
1997.75,-0.01305774,-1.37,-0.883,2.8,788.955,-0.027918614,-0.175164751,-0.06895838,-0.158711982,0.034522638,-0.168839122,-0.179555088,-0.015462804
1997.833333,0.0026688,-0.34,-0.797,2.82,-888.321,0.007890411,-0.079049808,-0.007874016,-0.012891705,0.013639929,0.000159049,0.09018386,0.067241606
1997.916667,0.00164014,0.45,1.65,2.93,-133.0157,-0.023428687,0.013514687,0.033271091,0.008887097,0.004493405,-0.003676417,0.057129825,0.045741935
1998,0.00493282,0.88,-1.624,2.91,-497.8912,-0.015578566,0.013085568,0.012188976,0.010866359,0.00866025,-0.000685558,0.003604211,0.033949967
1998.083333,0.00340615,-1.81,-2.072,2.4,-1105.37,-0.009332796,0.006436782,0.007412823,-0.00506682,0.004566132,-0.006155393,0.012238596,0.069973667
1998.166667,0.00230556,-0.59,-1.345,1.59,-553.93,-0.001911362,0.001568327,0.006434196,-0.015942396,-0.000730125,-0.000473492,0.020783158,0.113636603
1998.25,0.0033947,0.34,-0.362,0.62,7512.46,-0.004311845,0.006796935,0.016692913,-0.040156682,-0.001190731,0.028149909,0.020974035,0.060680711
1998.333333,0.00173956,-1.04,1.39,-0.07,7159.35,-0.010324738,0.054526181,0.005275591,-0.101041475,-0.031267023,0.01247532,0.073580351,0.115847268
1998.416667,-0.00050581,-1.25,0.104,-1.48,-15046.35,0.003123288,0.137067688,0.016812148,-0.198317972,-0.069321925,0.002579525,0.117640702,0.107346939
1998.5,-0.00082303,-0.82,0.219,-2.55,22867.34,-0.024392425,0.057180077,0.023709786,-0.200458525,-0.041445989,0.027446069,0.138522105,0.020991442
1998.583333,-0.00439665,-0.85,0.529,-3.17,-45009.9,-0.069176471,-0.076395913,0.038627672,-0.251776498,-0.090020677,0.07104936,0.098731228,0.00636998
1998.666667,-0.0066998,-2.61,-1.245,-3.39,729.34,-0.03169299,-0.150699872,-0.004281215,-0.28135023,-0.151731907,0.061765996,0.098202105,0.01118104
1998.75,0.0026044,1.41,0.994,-3.82,4306.84,0.024622885,-0.046252874,0.046474691,-0.229767281,-0.127672014,0.133151737,0.270014035,0.044330481
1998.833333,-0.00234325,0.62,-0.788,-3.87,1288.579,-0.007856567,0.101969349,0.025608549,-0.125854839,-0.029316221,0.000113346,0.093793684,0.050709677
1998.916667,-0.00402394,1.83,1.424,-3.98,150.8147,0.007933118,0.023828863,-0.003975253,-0.034776498,-0.002424242,-0.004347349,0.005169123,0.021009875
1999,-0.00243104,0.38,2.191,-4.07,301.2144,0.005858179,0.001466156,0.000155231,-0.012748848,0.002779323,0.003126143,0.006923509,0.021670836
1999.083333,-0.003632,0.4,0.665,-3.35,-309.586,-0.005240129,0.001272031,0.002969629,-0.000691244,0.00468877,0.001500914,-0.018324211,-0.058313364
1999.166667,-0.00015366,-0.64,-1.238,-2.29,-1139.72,0.000165995,0.009621967,4.95E-05,0.017080645,0.007382531,0.005107861,0.002785965,-0.064423963
1999.25,0.004173,-0.27,0.322,-1.89,376.72,0.002837228,0.010804598,-0.001556805,0.053101382,0.008657398,-0.005648995,0.000419649,-0.075428571
1999.333333,0.0033217,2.24,-0.203,-1.72,-2543.3,0.000248993,-0.00308046,0.003545557,0.092509217,0.031694831,-0.000546618,-0.006520702,-0.02358262
1999.416667,0.00131135,3.84,1.418,-0.8,1335.85,-0.013438356,-0.007795658,-0.022866142,0.218235023,0.046793583,-0.022074954,-0.008185263,-0.051049375
1999.5,0.001783,-0.42,0.21,-0.18,-19910.84,-0.001309428,0.000265645,-0.057966254,0.246460829,0.026528342,-0.075137112,0.034808421,-0.03880711
1999.583333,0.00124015,0.41,-1.322,0.06,24216.18,0.062663175,-0.018222222,-0.069466817,0.110271889,0.026042068,-0.149773309,-0.011894737,0.004236998
1999.666667,0.000319,2.36,1.109,0.17,700.35,0.030763094,0.045813538,-0.043741282,0.131041475,0.029307665,-0.130319927,-0.078892632,0.001772219
1999.75,0.002034,0.49,-0.3,0.23,-3456.415,-0.002682514,0.117517241,-0.055181102,0.262133641,0.081895187,-0.090067642,-0.116123509,-0.02401185
1999.833333,0.0046893,0.93,2.06,-0.12,-1169.545,-0.002089444,0.20460281,0.017856018,0.173550691,0.02892549,0.004870201,-0.073055439,-0.11564582
1999.916667,0.00105587,0.74,-0.31,-0.05,213.9607,0.002159549,0.021167305,0.011586052,0.045889401,0.012407843,0.00264351,-0.041272982,-0.098484529
2000,-0.00419603,-0.17,1.16,-0.08,32.5513,-0.022617244,0.005749681,0.007257593,0.013023041,-0.001303387,-0.000597806,-0.020798596,-0.146217248
2000.083333,-0.0051087,1.41,0.594,-0.23,1394.133,0.004585818,-0.00416092,0.003887514,0.011709677,-0.006294474,-0.005314442,-0.018367719,-0.140955892
2000.166667,-0.0051099,0.54,1.041,-0.03,2571.35,-0.00239726,-0.014968072,0.002292463,0.001880184,-0.002579679,0.000652651,-0.023309474,-0.127564187
2000.25,-0.0073572,0.92,-0.563,0.24,-3679.62,0.006962933,-0.008666667,-0.002899888,0.000403226,0.000342246,-0.0116234,-0.010129123,-0.143460171
2000.333333,-0.0049929,0.66,0.743,0.29,11064.3,0.009498791,0.016403576,-0.01031946,0.042235023,-0.001582888,-0.037522852,-0.020364912,-0.184458196
2000.416667,-0.00222,-1.15,-0.121,0.4,24744.15,-0.018244158,-0.041494253,-0.006785152,0.021758065,-0.009833868,-0.045062157,-0.060589474,-0.098667544
2000.5,-0.0020508,-0.13,-0.647,0.5,20530.6,-0.022916197,0.027340996,-0.059721035,0.056361751,0.019006061,0.016517367,-0.143329123,-0.011816985
2000.583333,-5.91E-05,-0.68,0.816,0.73,8725.1,-0.029886382,0.111961686,0.033298088,0.109679724,0.009641355,0.039096892,-0.070442105,-0.018273864
2000.666667,0.0003132,-0.57,0.336,0.57,-3516.86,-0.027097502,0.069330779,-0.023568054,0.132626728,0.030554011,0.010672761,-0.017261754,-0.014231731
2000.75,-0.0019745,0.72,0.323,0.53,-3058.94,-0.016506849,0.137527458,0.012843645,0.043262673,0.029040998,-0.00423766,-0.11749193,-0.036591178
2000.833333,-0.00453926,-1.57,-2.192,0.79,-804.799,-0.013428687,-0.014993614,-0.001732283,0.001725806,0.013831016,-0.008157221,-0.070943158,-0.051909151
2000.916667,1.52E-05,-2.19,-3.397,0.82,-448.4338,-0.0074166,-0.033596424,-0.006994376,-0.006640553,0.001497326,9.51E-05,0.009257544,-0.024867676
2001,0.0014565,-0.35,-2.229,1.04,3.034,0.017544722,-0.013328225,-0.003880765,-0.004576037,0.002402852,-0.00035649,-0.01317614,-0.018315997
2001.083333,0.00297004,-1.25,-1.698,0.92,3342.488,-0.021193392,-0.010942529,-0.010661417,-0.006223502,0.009381818,0.001195612,-0.001473684,-0.000571429
2001.166667,0.0066853,-2.03,-1.236,0.5,9783.12,0.007591459,0.002229885,-0.01264342,0.002447005,0.005855258,-0.008021938,0.011107368,0.097482554
2001.25,0.0062927,0.03,1.185,0.38,13116.96,-0.000354553,-0.003034483,-0.007259843,-0.007820276,-0.000436364,0.010239488,0.014286316,0.084097433
2001.333333,0.00243247,-1.6,-0.517,0.52,-13987.04,-0.005731668,-0.024715198,-0.010042745,-0.012801843,-0.002593939,0.045550274,0.000595088,0.032068466
2001.416667,0.0006981,-0.17,-0.601,0.6,2740.69,0.004933118,-0.041478927,0.036985377,0.055440092,0.014491266,0.124215722,-0.014778947,0.002391047
2001.5,-0.0007373,0.78,0.618,0.63,448.3,0.005480258,-0.047121328,0.045091114,0.01297235,-0.005247772,0.09069287,-0.010207719,-0.023529954
2001.583333,0.0021997,0.22,0.377,0.44,-11894.5,-0.006348106,-0.024625798,-0.019973003,0.069958525,0.03211836,0.10540585,-0.007611228,-0.000538512
2001.666667,0.00332635,-0.44,-1.102,0.32,-3502.67,-0.025800161,0.047941252,0.066830146,-0.057069124,0.031703387,0.197369287,-0.004154386,-0.00125609
2001.75,0.00015203,-1.16,0.39,0.56,3062.04,-0.026199839,0.059203065,0.063554556,0.024262673,-0.029115152,0.051422303,-0.028251228,-0.002633311
2001.833333,0.00298956,1.55,2.4,0.42,1642.268,0.026575342,0.086646232,-0.00048144,-0.013239631,-0.018759358,-0.012665448,-0.001724912,0.061167874
2001.916667,-0.00445092,-0.25,1.032,0.51,440.6389,-0.016178082,0.039381865,0.001572553,-0.009050691,-0.012989661,-0.008669104,-0.082517895,0.001772219
2002,-0.00132384,0.19,2.34,0.58,-169.8836,-0.017074134,0.011392082,0.001847019,-0.006043779,-0.010967558,0.003941499,0.020482807,0.043133641
2002.083333,0.00192516,0.65,1.926,0.59,-3369.07,0.004494762,0.005220945,0.00727784,-0.001806452,-0.009053832,0.006027422,0.021459649,0.054451613
2002.166667,-0.00313716,1.95,2.589,0.49,-8370.98,-0.001389202,-0.016467433,0.008098988,-0.013407834,-0.0121041,0.006853748,0.008383158,-0.018134299
2002.25,-0.0080375,1.18,-0.158,0.51,-5170.9,-0.006167607,-0.028321839,0.003392576,-0.011223502,-0.00675508,0.000925046,-0.009487719,-0.067597103
2002.333333,-0.00291447,-0.2,-0.051,0.65,2795.04,0.005179694,-0.056347382,-0.036283465,-0.034103687,0.006086275,-0.007515539,0.020058947,0.021225806
2002.416667,0.00152025,0.58,0.588,0.91,-2188.69,0.020929089,-0.053938697,-0.080517435,-0.046426267,-0.001290553,-0.070197441,0.06618807,0.014331797
2002.5,0.00173103,0.87,0.359,0.78,18484.3,0.042815471,-0.040212005,-0.076580427,-0.015264977,0.023667736,-0.04050457,0.073918596,0.010674128
2002.583333,-0.007061,0.45,-0.75,0.92,-15764.28,-0.001099919,-0.121031928,-0.176654668,-0.095896313,-0.003379679,-0.110323583,0.010467368,0.004904542
2002.666667,-0.00655735,-0.05,0.664,1.29,11089.62,0.044454472,-0.196630907,-0.208175478,-0.143368664,-0.009677005,-0.130480804,0.051030175,0.005851218
2002.75,-0.00486683,-2.04,-2.196,1.39,5570.018,0.018149073,-0.261890166,-0.273138358,-0.116479263,-0.004339394,-0.020347349,0.142648421,0.050262014
2002.833333,-0.0037675,-0.81,-2.244,1.84,-300.084,-0.015337631,-0.208960409,-0.012265467,-0.064847926,-0.00501533,0.00761426,0.05890807,0.067585253
2002.916667,0.00112468,-0.11,-0.27,1.78,-77.1988,-0.013900081,-0.070510856,-0.0067964,-0.052799539,-0.003104456,0.006063985,0.106378947,0.08235813
2003,0.000498,-0.28,-1.853,0.75,108.0551,-0.007489122,-0.027067688,-0.003228346,-0.032241935,-0.005142246,-0.000511883,0.010151579,0.131190257
2003.083333,-0.001617,-0.48,-1.176,0.68,-1064.512,0.002228848,-0.004314176,-0.008092238,-0.01868894,-0.003346881,-0.00279159,0.007287018,0.062962475
2003.166667,0.00179363,-0.37,0.031,0.35,-5878.1,-0.00722079,0.025238825,0.001205849,-0.008119816,0.00114795,-0.01185192,0.001747368,0.058746544
2003.25,0.0011227,-1.36,-0.926,-0.16,-11676.06,-0.00289444,0.016436782,-0.001541057,-0.017486175,0.000158289,-0.005131627,0.007723509,0.073861751
2003.333333,-0.0032852,0.23,0.616,-0.92,14953.15,-0.009273973,-0.016462324,0.018053993,-0.026288018,-0.007851693,-0.026729433,-0.007045614,0.057277156
2003.416667,-0.00115788,-0.45,-0.675,-1.01,-14435.65,0.005049154,-0.016206897,0.03807874,-0.009414747,0.018365775,-0.019330896,-0.002001404,0.069668203
2003.5,-0.00331658,-0.49,-0.253,-0.53,-1664.05,-0.01309025,-0.076789272,-0.028260967,-0.11993318,-0.019612121,-0.086270567,0.064011228,0.058778144
2003.583333,0.00217535,-0.45,-0.051,-0.61,29171.28,0.007439162,-0.024234994,-0.08568279,-0.053900922,0.024934046,0.018159049,0.128390175,0.022571429
2003.666667,0.0003939,0.71,0.51,-0.82,946.8,-0.018940371,0.015530013,-0.160067492,0.025852535,0.025127986,-0.01178245,0.081486316,0.018570112
2003.75,-0.002901,1.02,0.819,-0.83,-3232.698,0.020202256,-0.015128991,-0.070980877,-0.076953917,-0.028606061,-0.078252285,-0.039723509,0.00321264
2003.833333,-0.00224926,1.04,2.067,-1.14,-581.001,0.012188558,-0.098651341,-0.020040495,0.007737327,-0.01003779,0.011650823,-0.009434386,-0.028886109
2003.916667,0.00160563,1.58,1.857,-0.94,-155.03,0.048161966,0.014807152,-0.003604049,0.042633641,0.007057398,-0.00361426,-0.02413614,0.020689928
2004,-0.00170332,-0.45,-1.214,-0.33,-218.7202,0.045209508,-0.04159387,-0.013183352,0.025935484,0.012774332,0.002786106,-6.32E-05,-0.028517446
2004.083333,-0.0056374,-0.76,-1.656,-0.41,-73.007,0.021374698,-0.019049808,-0.004114736,0.011808756,0.008965419,0.005974406,-0.009242105,-0.021396972
2004.166667,-0.00806467,0.7,-0.615,-0.24,1602.58,0.004389202,-0.021836526,-0.006377953,0.006476959,0.004162567,0.012449726,-0.004843509,-0.068301514
2004.25,-0.0049305,1.33,-0.231,0.21,-7502.1,-0.013297341,0.003014049,0.006276715,0.028859447,0.005431729,0.013575868,-0.000279298,-0.040526662
2004.333333,-0.00014566,0.18,-1.111,0.67,-4831.31,-0.010322321,0.037369093,0.036026997,0.049958525,0.012290909,0.044703839,-0.018996491,-0.071977617
2004.416667,0.00112413,-0.82,-0.134,0.42,1358.8,-0.014936342,0.041353768,0.032742407,-0.078382488,0.001438859,0.089760512,-0.062272281,-0.055094141
2004.5,0.00375445,1,-0.276,0.28,-11654.35,-0.032252216,0.077762452,0.112848144,0.050138249,0.013068093,0.185612431,-0.158899649,-0.036626728
2004.583333,0.00130325,-0.41,-0.44,0.5,-10478.84,-0.012327961,-0.004960409,0.117525309,0.035896313,0.012855615,0.164290676,-0.134576842,-0.02558262
2004.666667,0.0031652,0.37,0.388,0.54,-9010.44,0.016929089,0.025729246,0.137716535,0.086976959,0.03483779,0.12586106,-0.119334737,-0.024367347
2004.75,0.0041037,0.16,0.155,0.31,-1115.943,-0.001376309,-0.039126437,0.164740157,0.105262673,0.068183957,0.130872029,-0.032631579,-0.03884661
2004.833333,0.00400176,-0.13,0.036,0.33,-591.247,0.01668332,0.048212005,0.003871766,0.062638249,0.024835651,-0.004661792,-0.008039298,-0.027327189
2004.916667,0.00184144,0.57,0.965,0.31,-21.842,-0.002370669,0.009719029,0.006274466,0.024953917,0.009532977,-0.000511883,-0.010778947,-0.099631336
2005,-0.00292374,1.81,2.042,0.39,62.709,-0.013146656,0.049795658,0.016569179,0.003790323,0.001939394,-0.009447898,-0.040210526,-0.167831468
2005.083333,-0.00571706,0.08,0.257,0.13,2656.854,-0.023821112,0.032148148,0.014994376,0.009958525,0.005068093,-0.02254479,-0.064961404,-0.175943384
2005.166667,-0.0018903,-2.85,-1.666,0.33,544.96,0.004937953,0.013902937,0.004431946,0.011718894,0.005745455,-0.007352834,-0.006635789,-0.02922054
2005.25,0.0014064,-1.45,0.363,0.19,10266.78,0.011550363,0.009095785,-0.007703037,0.003267281,0.000141176,-0.018963437,-0.008204912,0.004606978
2005.333333,0.0001136,-1.44,-0.669,0.24,-7079.44,0.009197421,-0.014554278,-0.033079865,-0.035921659,-0.006091979,-0.04573309,-0.011072281,0.00761817
2005.416667,-0.00480746,0.84,-0.147,-0.09,-39557.65,0.017096696,0.007726692,-0.04063892,0.013976959,-0.020484848,-0.099334552,-0.019945263,-0.034911126
2005.5,-0.00669236,-1.64,0.171,-0.72,-24512.7,0.02989444,0.022715198,-0.106521935,0.003578341,-0.019602139,-0.197559415,-0.023198596,-0.025402238
2005.583333,-0.0047554,0.85,0.746,-0.81,-2601.98,0.0364166,0.041019157,-0.139968504,0.054262673,-0.047950089,-0.24890128,-0.043392281,-0.002244898
2005.666667,-0.0029102,0.25,-0.053,-0.85,9364.41,0.007486704,0.067328225,-0.112294713,0.142771889,-0.053708378,-0.259868373,-0.038331228,0.000279131
2005.75,-0.0063989,0.12,0.545,-0.79,-363.882,0.021783239,1.53E-05,-0.323640045,0.001559908,-0.016811408,-0.205179159,-0.085476491,0.007997367
2005.833333,-0.00132003,-1.04,-0.45,-1.25,-377.879,0.004806608,0.013586207,-0.028251969,0.011585253,-0.006382888,-0.00606947,-0.060760702,-0.017091508
2005.916667,-0.0044427,-1.65,-3.334,-1.66,-47.3709,-0.014099919,0.032648787,-0.002530934,-0.001587558,-0.006468449,3.84E-05,-0.059122807,-0.032934826
2006,-0.0032465,-0.25,-0.526,-1.57,-45.043,-0.057174859,0.028482759,-0.001480315,0.015375576,0.003054545,0.001215722,-0.031207018,-0.060479263
2006.083333,-0.0004177,-0.45,1.115,-1.03,-1167.42,-0.010150685,-0.009095785,-0.015165354,-0.014578341,-0.004772906,0.010570384,0.029524211,0.012900592
2006.166667,-0.00327816,0.55,-0.256,-1.16,6784.67,-0.003976632,0.000939974,-0.009797525,-0.008562212,-0.003515152,0.000767824,-0.014990877,-0.045741935
2006.25,-0.00203284,1.54,0.184,-0.58,-14528.28,-0.023628525,0.014444444,0.010206974,-0.001267281,-0.002119073,0.020943327,-0.001591579,-0.133249506
2006.333333,-0.00480801,0.11,0.919,-0.39,2715.3,-0.042358582,0.047706258,-0.004762655,0.030758065,-0.012704456,0.027630713,-0.018816842,-0.163468071
2006.416667,-0.00454564,0.89,1.454,-0.04,16001.25,-0.03755278,0.059598978,-0.053156355,0.096253456,-0.009046702,0.014104205,-0.022909474,-0.067298223
2006.5,-0.00135414,1.41,0.133,0.24,-11278.95,-0.034164384,0.034868455,0.031016873,0.070831797,-0.020058467,0.008259598,-0.017254737,-0.014563529
2006.583333,0.00125966,-2.1,-0.291,0.36,17275.48,-0.029340854,0.096482759,0.121772778,-0.026672811,-0.031321212,0.021065814,0.01173614,-0.00037393
2006.666667,-0.0006379,-2.25,-0.196,0.64,-10902.96,-0.000112812,0.000301405,0.020337458,-0.154391705,-0.043054545,0.103107861,0.038043509,0.000114549
2006.75,0.00016574,-1.26,-1.059,0.76,-270.461,-0.019935536,0.060155811,0.183417323,-0.152043779,-0.113078075,0.047634369,0.092756491,0.011797235
2006.833333,-0.00791264,0.75,0.293,1.58,1129.787,-0.046028203,-0.097846743,-0.002904387,-0.06040553,-0.024580392,0.003599634,0.050032281,-0.055786702
2006.916667,-0.00459445,1.78,4.386,2.06,69.7729,-0.008327156,-0.130168582,-0.008177728,-0.040062212,-0.004450624,0.00745521,0.049361404,-0.039025675
2007,0.00227084,-1.05,2.204,1.61,243.9034,0.04597502,-0.009425287,0.002834646,-0.018225806,-0.009012478,0.003071298,0.016822456,0.018281764
2007.083333,0.00299026,0.04,-1.151,0.8,743.183,0.016493151,-0.032983397,0.0076018,-2.76E-05,-0.005748307,0.014065814,0.029145263,0.037876234
2007.166667,0.00114751,2.72,2.786,0.53,-14748.41,-0.00671394,-0.013790549,0.003781777,-0.006728111,-0.002934759,-0.000497258,-0.013706667,-0.06484661
2007.25,-0.0025416,-1.07,0.406,0,-8759.76,0.026831587,-0.038748404,-0.00927784,-0.028582949,-0.003144385,-0.06164351,-0.064569825,-0.014828176
2007.333333,0.00350717,1.8,0.738,-0.38,12433.3,0.051905721,-0.017841635,0.011111361,-0.027642857,0.007657754,-0.077290676,0.010548772,0.067137591
2007.416667,-0.0020287,-2.15,-1.626,-0.35,-17463.6,0.00028606,-0.164217114,-0.048258718,-0.17614977,-0.009595722,-0.055241316,0.015748772,0.03885056
2007.5,-0.0073902,-1.48,-0.5,-0.6,33961.31,0.015081386,-0.214434227,-0.235748031,-0.232387097,0.000554724,-0.044170018,0.026971228,0.006451613
2007.583333,-0.01267731,1.59,0.231,-1.03,-24965.58,-0.088967768,-0.271887612,-0.335905512,-0.158633641,-0.036476292,0.008606947,0.011114386,0.001057275
2007.666667,-0.0135274,2.34,-0.427,-1.71,11976.85,-0.15562772,-0.237867178,-0.212893138,-0.079608295,-0.019348307,-0.049021938,-0.035733333,-0.000516129
2007.75,-0.01644689,2.69,1.412,-2.09,-1275.571,-0.104989525,-0.296063857,-0.443862767,0.033887097,0.04319287,-0.097268739,-0.146036491,-0.033791968
2007.833333,-0.00051723,0.14,-1.04,-2.53,107.143,0.00350282,-0.127095785,-0.111957255,-0.043080645,0.027994296,-0.001157221,-0.076134737,-0.016251481
2007.916667,0.00015479,-1,-1.461,-2.72,24.3914,-0.020746978,-0.097430396,-0.093727784,-0.00535023,0.002519786,0.00293053,-0.042517895,0.012300197
2008,0.00189281,0.67,-1.215,-2.38,-316.7037,-0.004244158,-0.009381865,-0.008427447,0.008875576,0.003952941,-0.002702011,-0.048007018,0.001412772
2008.083333,0.0044741,1.2,2.245,-1.8,-1859.233,0.004001612,0.036411239,-0.000197975,0.008414747,-6.13E-05,0.000418647,-0.061348772,-0.064126399
2008.166667,0.00872585,-1.36,-0.596,-1.03,13672.53,0.004915391,0.022853129,-0.001383577,0.017504608,0.000724421,0.004855576,0.014186667,0.028202765
2008.25,0.00783434,-1.24,-0.999,-0.67,26701.04,0.002099919,0.012945083,-0.002233971,0.0110553,0.005560071,0.05213894,0.027004912,0.043308756
2008.333333,0.00235054,-2.39,-2.099,-0.37,-8540.4,-0.011761483,-0.021683269,0.002627672,-0.066329493,-0.006803565,0.067127971,0.002938947,0.033481238
2008.416667,0.00364435,-0.08,0.465,-0.33,42081.35,0.004289283,0.131448276,0.140661417,-0.101663594,-0.000715865,0.11697989,-0.005406316,0.025382488
2008.5,0.0071061,-0.69,-0.083,0.29,3001.38,-0.003148268,0.071187739,0.262276715,-0.157698157,0.026217469,0.208038391,0.008634386,0.021519421
2008.583333,0.00323325,-1.02,-0.046,0.59,-1123.77,0.025809025,0.052812261,0.208758155,-0.201976959,0.023696257,0.121283364,-0.008896842,0.008908492
2008.666667,0.00151036,0.3,-0.506,0.86,-15800.15,0.062937147,0.025752235,0.047788526,-0.143131336,0.017417469,0.06966362,-0.001104561,0.006230415
2008.75,0.01291535,-0.49,1.293,1.04,1854.317,0.084464142,0.192633461,0.395896513,-0.023829493,0.009224955,0.137458867,0.029369825,0.022868993
2008.833333,0.00790255,-0.9,0.611,1.08,-779.735,0.016920226,0.272,0.154706412,0.082223502,-0.013011052,-0.006647166,-0.014186667,0.067919684
2008.916667,0.00559066,-0.62,-0.173,0.72,-21.4196,0.028917808,0.186360153,0.096031496,0.0295553,-0.004440642,-0.003678245,-0.011445614,0.050293614
2009,0.00024551,-0.9,-0.019,0.79,187.201,0.016775181,0.00807152,0.000773903,-0.007635945,-0.006668093,-0.010767824,0.021745965,0.075144174
2009.083333,0.000104,-0.67,-1.61,0.88,-155.783,-0.009915391,0.005729246,0.008074241,-0.004101382,0.006159002,-0.001585009,0.046029474,0.057632653
2009.166667,-0.001331,0.49,-0.465,0.52,-5896.57,0.006317486,-0.010659004,0.009880765,-0.010557604,-0.001679857,0.006767824,0.005157895,0.036543779
2009.25,0.00174437,0.87,1.428,0.64,-3686.87,0.004557615,0.013093231,-0.009307087,0.009101382,-0.002397148,-0.018323583,0.019376842,0.060583278
2009.333333,0.00268726,3.41,2.399,0.9,-3428.64,-0.000378727,0.010273308,-0.003869516,0.09647235,0.007063102,0.008361974,0.026422456,0.034733377
2009.416667,0.00494685,0.18,-1.261,0.99,-16424.35,0.036943594,-0.063854406,-0.014267717,0.205396313,0.030692335,-0.077180987,0.048582456,-0.029009875
2009.5,0.0008934,-0.88,-0.876,0.78,-2335.88,0.027732474,0.021282248,-0.023754781,0.269096774,-0.00882139,-0.201555759,-0.018137544,-0.013124424
2009.583333,0.00418585,0.97,0.026,0.69,10329.85,0.062219178,-0.023389527,0.04407649,0.227808756,0.04641426,-0.15326691,-0.008042105,3.29E-05
2009.666667,0.00563574,0.49,1.202,0.93,9346.38,0.04844722,0.039777778,0.146384702,0.127147465,0.025956506,-0.090502742,0.001083509,-0.001756419
2009.75,-0.006031,-0.99,-3.216,1.24,3402.215,-0.090834005,-0.032150702,0.041338583,0.027995392,0.046130481,-0.18502011,-0.058001404,-0.021174457
2009.833333,-0.00785321,0.3,0.367,1.92,-157.816,-0.062491539,-0.072500639,-0.048231721,-0.014875576,0.011160071,-0.006734918,-0.081195789,-0.078828176
2009.916667,-0.0046275,-1.65,-4.061,2.6,77.0234,-0.032652699,0.005118774,-0.0088009,-0.017317972,-0.00283779,-0.003530165,0.04941614,-0.044654378
2010,-0.00355746,-1.1,-3.387,2.41,346.9885,-0.019424658,-0.023688378,-0.014985377,0.00328341,0.001380392,0.000848263,0.012157193,-0.004824226
2010.083333,-0.0037274,-2.04,-3.594,2.04,4430.723,0.007682514,-0.012740741,-0.011694038,0.007730415,-0.000981105,-0.005583181,-0.003677193,0.01877946
2010.166667,0.0003319,-1.45,-0.553,1.59,3310.2,-0.001674456,0.00063857,-0.003574803,0.005057604,0.001782531,-0.004566728,0.004101053,0.067632653
2010.25,-0.00087047,-0.52,-1.248,0.73,-13745.41,-0.011057212,0.006148148,0.018989876,-0.001557604,-0.007369697,0.015031079,-0.001980351,0.026675444
2010.333333,-0.0070798,-3.17,-2.113,-0.28,-15182.12,-0.016368251,0.016367816,-0.000692913,-0.029172811,-0.012762923,-0.034299817,-0.05189614,-0.083387755
2010.416667,-0.01064934,0.39,1.338,-1,-41839.84,-0.063470588,0.04444189,-0.017646794,-0.094117512,-0.024253832,-0.026084095,-0.078972632,-0.023773535
2010.5,-0.0066399,1.73,1.791,-1.55,-16432.06,-0.080456084,0.047854406,0.018186727,-0.102914747,-0.021979323,0.013387569,-0.030244211,-0.013341672
2010.583333,-0.00319185,-1.03,-0.063,-1.95,-3857.16,-0.076945205,0.077083014,0.072139483,-0.039239631,-0.056126916,0.042959781,-0.01941193,-0.010022383
2010.666667,-0.00467103,-2.3,-1.74,-2.28,-8805.12,-0.041937953,-0.040367816,-0.046546682,-0.075140553,-0.037886631,0.001223035,-0.000858947,-0.002704411
2010.75,0.00279867,0.1,1.073,-2.58,-3964.175,0.068903304,0.054878672,-0.046571429,0.010608295,-0.056991087,0.072700183,0.047973333,-0.002481896
2010.833333,0.00047212,-1.6,-0.835,-3.1,1899.298,0.076833199,-0.007157088,0.0083982,-0.070016129,-0.027144385,0.00208958,0.106116491,0.053581303
2010.916667,-0.00224066,0.08,0.782,-3.34,213.1917,0.052875101,-0.042891443,0.006861642,0.023191244,0.004472014,-0.000387569,0.016129123,0.088122449
2011,-0.00284783,0.23,0.904,-3.06,-436.104,0.024709106,0.003925926,0.014337458,-0.005205069,-0.004352228,0.007436929,0.044117895,0.048570112
2011.083333,-0.0026013,2.68,5.841,-2.36,-2315.516,0.006216761,-0.011282248,0.001489314,-0.008023041,-0.001738324,0.000989031,0.011134035,0.058633311
2011.166667,-0.00836637,1.49,1.856,-1.83,-911.85,-0.005589847,0.002807152,-0.006058493,0.003069124,0.00180107,-0.018976234,-0.038050526,-0.075589203
2011.25,-0.0048846,3.2,2.55,-1.15,-11746.34,0.00043755,-0.014574713,-0.023572553,0.010354839,0.011342602,-0.023288848,-0.032763509,-0.060423963
2011.333333,-0.0018595,1.43,0.884,-0.3,12009.96,0.005415794,-0.028462324,0.009860517,-0.018645161,0.016365062,-0.006771481,-0.044171228,0.040633311
2011.416667,0.00211464,-0.46,-0.845,0.31,27210.19,0.024005641,-0.048426564,0.044742407,0.063873272,0.000265241,-0.025109689,-0.081998596,0.025528637
2011.5,-0.00191996,-1.09,-0.907,0.64,8102.06,0.03943191,-0.081172414,-0.071896513,-0.010592166,-0.005802496,-0.104895795,-0.030745263,0.007674786
2011.583333,-0.0055878,-0.13,-0.946,0.74,3125.5,-0.040436745,-0.076564496,-0.074506187,-0.070373272,-0.031925847,-0.10559415,0.007585965,0.000213298
2011.666667,-0.00140437,1.33,1.53,0.8,7481.4,-0.013642224,0.036766284,0.020134983,-0.035675115,-0.03177041,-0.059023766,-0.001671579,-0.0020395
2011.75,-0.00523722,1.32,1.267,0.64,-12.243,-0.007509267,-0.075765006,-0.042544432,-0.084663594,-0.015814617,-0.15620841,-0.032571228,2.37E-05
2011.833333,0.00136739,2.98,1.835,0.45,-1780.915,-0.022227236,-0.0528659,0.010224972,0.088442396,0.025677005,-0.009360146,-0.068676491,-0.033607637
2011.916667,0.00299706,4.37,4.852,0.54,-191.7024,-0.022011281,0.06566539,0.014983127,0.010817972,0.008423529,-0.009224863,-0.174364912,-0.101400922
2012,0.00528343,2.05,1.463,0.67,205.6245,-0.036148268,0.02939719,0.001068616,0.015518433,0.014444207,-0.000444241,-0.087671579,-0.137510204
2012.083333,0.00028365,-0.28,-1.611,0.44,-1749.961,-0.040630943,0.026148148,0.006220472,0.011306452,0.003727629,-0.011325411,-0.168565614,-0.172263331
2012.166667,0.00782931,0.66,-0.387,0.32,-4259.42,-0.03077921,0.008485313,0.006211474,0.003258065,0.00253262,0.012144424,-0.033038596,-0.074995392
2012.25,0.00557786,-2.01,-2.31,0.27,23017.25,0.000365834,0.01508046,0.021214848,0.000834101,0.002929055,0.016681901,-0.026011228,-0.051593153
2012.333333,0.0039772,-0.85,0.203,0.2,-3719.4,0.006534247,0.03359387,-0.037707537,-0.023935484,0.005724064,-0.013879342,-0.008096842,-0.071487821
2012.416667,-0.0042735,-1.25,0.186,0.4,-13545.35,0.003347301,0.027601533,-0.108434196,-0.133608295,0.000578966,0.001842779,-0.060637193,-0.044093483
2012.5,-0.00350564,0.19,0.64,0.68,-34502.06,-0.023670427,0.058786718,-0.075851519,-0.085771889,-0.006894831,0.033621572,-0.035271579,-0.011191573
2012.583333,-0.0051112,0.37,1.077,1.12,-10878.19,-0.007362611,-0.042005109,-0.179694038,-0.14275576,-0.002090553,0.024063985,-0.009922807,-0.000438446
2012.666667,-0.00892274,-1.13,0.107,1.18,-7174.7,-0.105589041,-0.070181354,-0.161399325,-0.136541475,-0.013105169,0.000954296,-0.00077193,-8.43E-05
2012.75,-0.00493801,-2.45,-2.314,1.31,-350.524,-0.028700242,0.019726692,-0.081136108,-0.223435484,-0.030255971,0.07088117,-0.016995088,-0.001024358
2012.833333,-0.00508105,-1.94,-1.57,1.35,39.079,-0.04,0.210975734,-0.011484814,-0.09062212,-0.01838574,-0.025605119,-0.123717895,-0.026880843
2012.916667,-0.0019254,-2.35,-3.97,0.81,48.9545,-0.022843674,-0.00062069,-0.034731159,0.00262212,0.001214973,0.004696527,-0.005232281,-0.021033575
2013,-0.0022163,-0.82,-0.39,0.34,248.5527,-0.02278888,-0.03102682,-0.017379078,0.002158986,0.000787166,0.005632541,0.030538947,0.002622778
2013.083333,0.00559555,-0.87,-0.971,0.15,-2281.933,0.026962127,-0.000332056,-0.001946007,0.005223502,0.004705882,0.019106033,0.152472982,0.061083608
2013.166667,-0.00017488,-2.88,-4.222,0.36,18596.16,0.030806608,-0.015609195,-0.004546682,-0.007854839,0.001445989,0.006672761,0.080739649,0.121061224
2013.25,-0.00189602,0.22,0.357,0.25,7450.87,0.001163578,-0.007798212,-0.010211474,0.007133641,-0.002488414,-0.01114808,0.058477193,0.066537196
2013.333333,0.0024148,1.48,0.326,-0.08,15967.3,0.002810637,0.00592848,0.030429696,0.080569124,0.003834581,-0.01050457,0.055563509,0.025329822
2013.416667,0.00937394,3.05,1.221,-0.44,59384.7,-0.038987913,0.026891443,0.067212598,0.244753456,0.017688414,0.018248629,0.184964211,0.010529296
2013.5,0.0082711,1.99,-0.179,-0.64,25701.1,-0.005322321,-0.026597701,0.16879865,0.264343318,0.03873369,0.061965265,0.091118596,-0.000268598
2013.583333,0.01413273,1.95,0.14,-0.85,34040,0.012740532,0.145323116,0.305786277,0.368218894,0.085729768,0.08140585,0.026572632,-8.95E-05
2013.666667,0.0155508,0.83,-1.233,-0.56,5442.53,0.016334408,0.222508301,0.365365579,0.457009217,0.094602496,0.021411335,0.009542456,0.000115866
2013.75,0.01565646,0.78,1.777,-0.46,-1592.211,-0.008078163,0.185724138,0.404265467,0.286520737,0.070783601,0.128301645,0.091477895,0.001518104
2013.833333,0.00678396,1.48,2.14,-0.3,395.984,0.02487913,-0.086265645,0.050674916,0.023449309,0.006137611,0.035868373,0.172620351,0.003370639
2013.916667,0.0046993,0.78,3.224,0.08,-234.6227,0.023255439,-0.072127714,0.023289089,-0.0245553,-0.002568271,0.011137112,0.162308772,0.0440316
2014,0.0010832,-0.06,-0.359,0.04,-253.8632,0.028920226,-0.006773946,0.022393701,-0.010963134,-0.000457754,0.003987203,0.065166316,0.057544437
2014.083333,-0.0064288,1.79,1.051,-0.1,-1335.293,-0.033791297,-0.069719029,-0.001327334,-0.010986175,-0.004491979,-0.011,0.009237895,-0.033830151
2014.166667,-0.00407186,2.41,4.391,-0.03,-20346.88,-0.023589847,-0.008980843,0.012292463,0.003516129,-0.004998217,-0.009038391,-0.04301193,-0.124036866
2014.25,-0.00277198,-0.38,0.65,0.33,-12146.5,0.006763094,-0.014237548,-0.005948256,-0.016207373,0.000501961,-0.013314442,0.007152281,-0.056263331
2014.333333,-0.00260914,-1.49,-0.03,0.72,70.1,0.020148268,-0.066270754,-0.025860517,-0.02916129,-0.021423173,0.021389397,0.032370526,0.027493088
2014.416667,-0.00245354,-1.49,-1.056,0.65,-21581,0.050792103,-0.012296296,-0.016890889,-0.075470046,-0.000661676,-0.044972578,0.02314807,0.015140224
2014.5,0.0017968,-0.49,-0.478,0.33,5706.65,0.074765512,0.077974457,0.008731159,-0.11014977,0.001341889,-0.100321755,0.030085614,0.017695853
2014.583333,0.00210112,-2.65,-0.526,0.35,-8866.65,0.095099114,0.055223499,-0.083640045,-0.011912442,0.028039929,-0.115921389,0.005584561,0.027290323
2014.666667,-0.00059716,1.38,0.563,0.47,7883.51,0.108139404,-0.063662835,-0.179986502,-0.139294931,0.01602139,-0.032226691,-0.002585263,0.026716261
2014.75,-0.0029943,0.01,-1.397,0.64,3511.938,0.062517325,-0.070592593,-0.327577053,-0.009297235,0.039131551,-0.176528336,0.038607719,0.041420671
2014.833333,0.00095524,-0.22,-2.559,0.89,-870.078,0.025825141,-0.149683269,-0.126589426,-0.008364055,0.001957932,0.010749543,0.085619649,0.115801185
2014.916667,0.0002939,0.91,-1.062,0.88,168.3469,-0.006895246,-0.018965517,0.001131609,0.0080553,-0.000163993,-0.005765996,0.008884211,0.054782093
2015,0.00042355,1.5,2.061,1,-251.1665,0.016831587,-0.017054917,-0.006805399,-0.004389401,-0.00788877,-0.002325411,0.008277895,0.047619487
2015.083333,0.00235716,-0.02,0.999,1.04,1426.265,0.040066076,0.0390447,-0.001565804,-0.001525346,-0.005443137,-0.013067642,0.015077895,0.107370639
2015.166667,-0.00298366,0.65,0.631,0.75,91.16,0.018214343,0.00715198,-0.001829021,-0.001815668,-0.00283066,-0.005224863,0.010082807,0.02034628
2015.25,-0.00165756,0.42,0.244,0.62,-11443.44,-0.011380338,0.00454917,0.022911136,-0.003834101,-0.004862745,0.028925046,-0.038710175,-0.044734694
2015.333333,-0.00201496,1.07,0.299,0.6,-7803.6,-0.007290894,-0.005902937,0.047988751,-0.075251152,-0.002375758,0.043345521,-0.042342456,-0.009300856
2015.416667,-0.00055924,0.9,0.934,0.95,-27357.16,-0.010538276,-0.115885057,0.014251969,-0.106852535,-0.029785383,0.109087751,-0.138014035,0.021021725
2015.5,-0.00334844,-3.36,-0.619,1.52,-16926,-0.042237712,-0.201785441,-0.183390326,-0.061089862,-0.020407843,0.123659963,-0.077309474,-0.000641211
2015.583333,-0.00842249,0.92,-0.317,1.96,-12031.58,-0.046675262,-0.141386973,-0.09520135,-0.252859447,-0.071344029,0.071570384,-0.02725614,-0.025857801
2015.666667,-0.0037937,-2.27,-0.267,1.92,-8223.8,0.045089444,-0.049190294,-0.056314961,-0.218930876,-0.077156506,0.031106033,-0.005776842,-0.026766294
2015.75,-0.0023518,1.71,0.884,1.92,1970.488,-0.035257051,0.014375479,0.007394826,0.014396313,-0.04923066,0.145755027,-0.091643509,-0.042672811
2015.833333,-0.00292297,1.06,2.475,1.97,970.712,-0.038625302,0.062293742,0.071322835,0.066732719,0.013347594,-0.019212066,-0.144235789,-0.119159974
2015.916667,-0.00300935,0.38,1.031,1.95,-65.0142,-0.016788074,0.0679106,0.014870641,0.011076037,0.004744385,0.000255941,-0.084082807,-0.111231073
2016,-0.00437965,-1.67,-2.541,2.06,158.279,-0.040616438,0.030319285,0.006728909,0.003917051,0.002976114,-0.019533821,-0.099566316,-0.09601975
2016.083333,-0.00523853,0.26,-1.067,1.84,1668.153,-0.045664786,0.012773946,0.002589426,0.001158986,0.005544385,0.013338208,-0.091622456,-0.149190257
2016.166667,-0.00276324,-0.72,-1.557,1.15,2758.25,-0.041616438,0.014740741,-0.002744657,-0.003129032,0.004496257,0.009330896,-0.026822456,-0.065773535
2016.25,-0.0046382,-0.35,-2.267,0.21,14188.07,-0.005267526,-0.004684547,-0.005685039,-0.03312212,0.002766488,0.002210238,-0.016311579,-0.035719552
2016.333333,-0.00727294,-0.92,-0.799,-0.62,-10114.36,-0.027468171,0.002909323,-0.029190101,-0.138956221,0.007369697,-0.010617916,-0.025918596,-0.07605925
2016.416667,-0.00560343,-0.36,-0.114,-1.21,15361.26,-0.021979049,0.085527458,-0.02680315,-0.082352535,-0.007148663,-0.002135283,-0.014269474,-0.053834101
2016.5,-0.00342356,1.42,1.193,-1.94,23360.31,-0.04928606,0.105346105,0.045399325,-0.074373272,-0.017234938,0.106321755,-0.028293333,-0.017123107
2016.583333,-0.00356516,-0.89,1.161,-2.51,15202.98,-0.084159549,0.012625798,-0.056335208,-0.027990783,-0.016085561,0.107552102,0.002081404,-0.001223173
2016.666667,-0.0055943,1.26,0.946,-2.79,-6322.62,-0.139609186,-0.042740741,-0.068191226,-0.06225576,0.026669519,0.09047532,0.000167018,-4.48E-05
2016.75,-0.01249964,-0.03,-1.667,-3.1,-4264.828,-0.086642224,-0.163588761,-0.127334083,-0.225682028,-0.004647415,-0.075839122,-0.045497544,-0.000562212
2016.833333,-0.01689267,-1.9,-2.556,-3.48,-0.204,-0.108827558,-0.120735632,-0.129082115,-0.101928571,-0.015145811,-0.056383912,-0.154516491,-0.003115207
2016.916667,-0.01166612,-1.76,0.342,-3.16,-130.4807,-0.084121676,-0.176168582,-0.043145107,-0.011108295,-0.011048841,-0.017277879,-0.071710877,-0.009597103
2017,-0.0049515,0.36,2.391,-3,-216.7053,-0.034746978,-0.035989783,-0.008564679,-0.010368664,0.005477362,-0.003323583,-0.045389474,-0.036841343
2017.083333,-0.00157559,-0.58,0.364,-2.34,2.058,0.00486382,-0.000298851,0.002146232,-0.003437788,0.001340463,-0.004223035,0.018923509,0.024695194
2017.166667,-0.0006003,0.01,1.085,-1.59,2779.3,0.036810637,-0.004204342,-0.010526434,0.001707373,0.003488057,-0.009416819,-0.012544561,0.067522054
2017.25,0.00294014,1.35,0.962,-0.69,4912.23,0.022329573,-0.00762963,-0.020364454,0.04514977,0.00397148,-0.012427788,0.025086316,0.083166557
2017.333333,0.00859324,-1.14,-0.694,0.07,8974.62,0.035386785,-0.044061303,-0.019959505,0.167693548,-0.004061319,0.001566728,0.054735439,0.111608953
2017.416667,0.00449407,0.48,0.089,0.37,13236.8,0.041114424,-0.074896552,-0.029613048,0.107285714,0.040533333,-0.018976234,0.061042807,0.051015142
2017.5,0.00312274,3.02,0.549,0.73,17168.74,0.065606769,-0.050819923,-0.108749156,0.113320276,0.015788948,-0.060625229,0.052439298,0.019532587
2017.583333,0.003844,0.55,-0.322,0.42,-18301.34,0.067975826,-0.034924649,0.028303712,0.028327189,0.053417469,-0.033829982,0.011354386,0.005096774
2017.666667,0.0047905,-1.22,-1.273,0.15,-5944.18,0.060338437,0.000597701,0.079968504,0.070315668,0.038076292,0.01864351,0.00528,6.98E-05
2017.75,0.01034987,-0.22,2.607,0.18,-3022.758,0.076099919,-0.001867178,0.139430821,0.114769585,0.041383244,0.164056673,0.065025965,0.002090849
2017.833333,0.01233458,0.16,0.533,-0.21,461.901,0.104863014,-0.093499361,0.064785152,0.000292627,0.013137968,0.074460695,0.195473684,0.016057933
2017.916667,0.00744157,0.4,-1.845,-0.48,10.7673,0.076480258,-0.018804598,0.024301462,-0.011942396,0.003713369,0.023575868,0.104872982,0.014682028
2018,0.00391803,0.96,-1.223,-0.55,191.8398,0.05938195,0.020296296,0.008762655,-0.000552995,-0.007539394,0.026060329,0.067243509,0.017258723
2018.083333,0.00067473,0.58,-0.227,-0.7,1562.677,-0.004799355,-0.035989783,-0.01056018,0.005868664,-0.003134403,0.005590494,0.014450526,0.022922976
2018.166667,0.0014347,-1.67,-2.306,-0.83,8613.68,-0.026922643,-0.022983397,0.002029246,0.002352535,0.001537255,0.011157221,0.057031579,0.057845951
2018.25,0.00055986,-0.49,0.633,-0.73,3200.27,-0.019866237,-0.020988506,0.014015748,-0.001193548,0.001329055,0.004661792,0.04346807,0.07514944
2018.333333,-0.00221184,4.03,1.91,-0.57,-7624.06,-0.048519742,0.00456705,0.044760405,0.042516129,0.015040285,-0.012038391,0.044934737,-0.026310731
2018.416667,0.0022429,1.04,-0.022,-0.3,-32511.7,-0.045161966,0.055948914,0.101266592,0.096290323,-0.017936542,-0.084535649,0.07269193,-0.026940092
2018.5,0.00150556,0.13,-0.022,-0.13,-14655.36,-0.03077357,0.044446999,0.204544432,0.069039171,0.020269519,-0.138054845,-0.008846316,-0.017395655
2018.583333,0.00297605,3.07,0.686,0.25,-13845.06,0.0082361,0.058722861,0.154458943,0.14916129,0.021517291,-0.130210238,-0.017563509,-0.005086241
2018.666667,0.0001828,2.28,1.077,0.9,20462.89,-0.00086382,-0.010166028,-0.012056243,0.150451613,0.028159715,-0.133265082,-0.005764211,-2.63E-06
2018.75,-0.00787193,0.74,-0.277,1.46,8408.75,-0.076385173,-0.036968072,-0.167401575,0.147767281,0.023371123,-0.321577697,-0.063607018,-0.001911784
2018.833333,0.0041377,-0.11,-1.038,1.87,-1330.622,-0.018256245,0.089918263,0.070526434,0.076029954,0.009898039,-0.032559415,-0.015890526,-0.003781435
2018.916667,0.00218446,-0.27,0.169,1.87,-34.1259,-0.000691378,0.144051086,0.012830146,0.013785714,0.001354724,-0.018570384,-0.062144561,-0.006312047
2019,0.00513643,-0.85,-0.432,1.63,191.8218,0.013752619,0.030380587,-0.00104387,0.015299539,0.005284848,-0.005899452,0.021653333,0.040110599
2019.083333,0.00527757,-1.29,1.036,1.49,-3928.94,0.04703062,0.016263091,0.008906637,-0.013281106,0.003442424,-0.002319927,0.049856842,0.042488479
2019.166667,0.00305084,2.16,3.057,1.61,-11498.37,0.044660757,-0.033872286,0.010384702,-0.019785714,-0.005615686,-0.00035649,-0.002924912,0.007306122
2019.25,-0.00471263,-0.77,-0.799,1.13,-16771.59,0.011290089,-0.008102171,-0.002170979,-0.013364055,-0.003222816,-0.003705667,-0.036637193,-0.074404213
2019.333333,-0.00352049,-4.74,-2.411,0.75,-21183.7,0.028295729,-0.052745849,-0.048195726,-0.119764977,-0.016054189,-0.001021938,-0.059835789,0.00239763
2019.416667,-0.00555626,-2.18,-0.981,0.41,-1642,0.033374698,-0.054365262,-0.070627672,-0.212834101,-0.001183601,-0.001159049,-0.06546807,0.0399447
2019.5,-0.00743563,-2.82,-1.502,0.23,-17249.54,0.02396938,-0.104526181,-0.184330709,-0.175949309,-0.013096613,-0.01942596,-0.019389474,0.024423963
2019.583333,-0.00742875,-3.14,-1.558,-0.05,19381.15,-0.01503062,-0.077588761,-0.25648369,-0.158087558,-0.051826025,0.022292505,0.003772632,0.008808427
2019.666667,-0.0022205,-1.83,-0.279,-0.44,-3558.02,0.036629331,0.008607918,-0.09648144,-0.117813364,-0.058514082,0.017435101,-0.000164211,0.00241343
2019.75,-0.00091594,-2.34,-0.495,-0.42,-1476.859,0.107762288,-0.047453384,-0.080375703,-0.178172811,-0.080068449,0.072691042,0.015418947,0.008144832
2019.833333,-0.00550614,0.39,-0.077,-0.38,1590.064,0.060983078,-0.192416347,-0.071799775,-0.095115207,-0.029859537,0.01449543,0.055393684,0.048534562
2019.916667,0.00057888,0.59,0.302,-0.37,-44.2974,0.043287671,-0.160357599,-0.016175478,-0.008387097,0.001908021,0.019976234,0.121740351,0.094125082
2020,-0.00021541,0.75,3.132,-0.05,-605.5527,0.012288477,-0.021310345,-0.004850394,0.004993088,0.000641711,0.000870201,0.035056842,0.070430546
2020.083333,0.00163956,0.97,2.268,-0.34,3179.65,0.011281225,0.034398467,0.001581552,0.020592166,0.00013262,-0.010234004,-0.032969825,0.026438446
2020.166667,0.00073969,-0.22,0.525,-0.33,7727.25,0.006877518,0.039083014,-0.015210349,0.013465438,0.003278431,-0.0191883,-0.016409825,-0.001261356
2020.25,0.00116853,-1.49,1.183,-0.26,12171.34,0.003717164,0.030681992,-0.013968504,0.003663594,-0.004882709,-0.01621755,-0.013018947,0.042724161
2020.333333,0.00000363,2.21,1.204,-0.82,18170.14,-0.001887188,0.119961686,-0.021617548,0.121601382,0.008038503,-0.04274223,-0.075396491,-0.002164582
2020.416667,0.00122496,0.94,0.479,-0.79,-8915,0.009394843,0.066881226,-0.091883015,0.212947005,-0.011572193,-0.016440585,-0.069861053,-0.024945359
2020.5,-0.00059327,0.2,0.478,-0.65,-35628.15,-0.048721193,0.112628352,-0.084771654,0.194232719,-0.004327986,-0.089990859,-0.022409825,-0.017314022
2020.583333,-0.00154914,1.29,0.341,-0.63,-19800.56,-0.083041096,0.007757344,0.019154106,0.128672811,0.004670232,-0.050722121,-0.000790175,-0.008805793
2020.666667,-0.00354047,1.14,0.325,-0.86,-6116.14,-0.123569702,-0.041425287,0.010771654,0.076218894,0.006765062,-0.024784278,0.00074807,-0.002491113
2020.75,-0.00452946,0.76,0.01,-1.74,-7699.618,-0.087045931,0.021371648,-0.136724409,0.185105991,0.004655971,-0.134259598,-0.013515789,-0.00795655
2020.833333,-0.0047124,2.26,3.279,-1.94,-1675.266,-0.08827639,0.193157088,-0.055451069,0.117684332,0.024273797,-0.127747715,-0.190300351,-0.060460829
2020.916667,-0.00398374,-1.5,-2.148,-1.67,-96.8543,-0.037983078,0.09162963,-0.025460067,0.005804147,0.002735116,-0.015378428,-0.175992982,-0.073934167
2021,-0.00451439,-2.45,-4.903,-1.6,745.375,-0.060382756,0.003443167,0.000218223,-0.005509217,0.00436221,0.002771481,-0.071494737,-0.083722186
2021.083333,-0.00244255,-1.12,-4.608,-1.37,1195.24,-0.0402917,-0.007455939,-0.014265467,-0.001370968,0.003064528,0.012884826,0.038411228,0.053714286
2021.166667,-0.00055813,-0.28,-0.532,-1.28,-6729.55,-0.041693795,0.016789272,0.010816648,0.008414747,0.000952585,0.022446069,0.031691228,0.023927584
2021.25,0.00217106,-0.41,-1.132,-1.08,-282.56,-0.023302176,0.01937931,0.020119235,0.015209677,0.008067023,0.022389397,0.010917895,-0.075023041
2021.333333,0.00421435,-0.83,-0.134,-0.19,15969.81,0.008337631,0.021813538,0.042272216,-0.008656682,0.004059893,0.004744059,0.061619649,-0.015415405
2021.416667,-0.000391,0.92,0.967,0.06,27056.45,-0.01715552,0.047859515,0.00095838,-0.028417051,0.003104456,-0.043784278,0.089914386,-0.005857801
2021.5,0.0052081,1.26,1.042,-0.09,28842.35,0.034079774,0.115131545,0.05999775,0.054202765,0.017100891,0.03650457,0.080686316,0.006296248
2021.583333,0.00748954,-0.4,0.172,0.06,-11743.77,0.069911362,0.187328225,0.069829021,0.102119816,0.034424242,0.002073126,0.035004912,0.000293614
2021.666667,0.00712927,-1.19,-0.883,0.28,-6640.76,0.093350524,0.170891443,0.120578178,0.007841014,0.028809982,0.011351005,0.012867368,-6.32E-05
2021.75,0.0147144,-1.64,-0.074,0.32,3385.481,0.076536664,0.320618135,0.521696288,-0.046251152,-0.059242781,0.18685192,0.059365614,0.001340355
2021.833333,0.0114295,-2.72,-1.993,0.48,307.171,0.086123288,0.305083014,0.164497188,-0.090615207,-0.063365419,0.13849543,0.185352982,0.060192232
2021.916667,0.00627864,0.59,1.934,0.09,380.1219,0.026750201,0.142158365,0.036492688,0.008900922,-0.014809269,0.021447898,0.169089123,0.108197498
2022,0.00602477,2.19,3.332,0.06,-593.4063,0.041594682,0.01143295,-0.004227222,0.006705069,-0.010576827,-0.012866545,0.068110877,0.102208032
2022.083333,0.00203549,1.54,2.735,0.11,-1381.09,0.02593473,0.011121328,0.012218223,-0.000723502,-0.008837077,-0.014473492,-0.048930526,-0.049053325
2022.166667,-0.00187344,0.04,-1.804,-0.17,869.57,0.011174053,-0.010120051,-0.009412823,-0.001145161,-0.006990374,-0.005764168,-0.039622456,-0.065321922
2022.25,0.00332534,1.07,-0.399,-0.39,7773.54,0.023137792,-0.017427842,-0.002429696,0.000956221,-0.00146025,0.00502925,0.009914386,0.063327189
2022.333333,0.00271335,1.95,1.385,-0.65,-1313.35,0.013639807,-0.018051086,0.003046119,0.006723502,0.005320499,0.014484461,0.003035789,0.03436998
2022.416667,0.00246927,-0.89,-0.919,-0.47,1048.45,-0.000626914,-0.079481481,0.099930259,0.035580645,0.04310303,0.085162706,-0.036064561,-0.023020408
2022.5,0.00417656,-0.12,-0.605,-0.3,-3238.16,-0.013977438,-0.112853129,0.22423847,-0.036942396,0.002695187,0.158082267,-0.045504561,-0.01475181
2022.583333,0.00282314,1.75,0.039,-0.44,24646.1,0.039381144,-0.107443167,0.120247469,-0.05981106,-0.035393939,0.122201097,-0.02341614,-0.000481896
2022.666667,0.0000225,-1.4,-0.403,-0.52,-2508.19,0.035504432,-0.131793103,-0.042373453,-0.029836406,-0.0534959,0.094102377,-0.011261754,0.000293614
2022.75,-0.0018921,1.57,1.492,-0.05,-1543.686,0.013328767,-0.233954023,-0.13791676,-0.043103687,0.049371836,0.088446069,-0.045793684,0.000770244
2022.833333,-0.0004704,0.87,0.246,0.04,-414.959,-0.006730862,-0.260988506,-0.006535433,0.011384793,0.06020107,0.005581353,-0.031229474,-0.045519421
2022.916667,-0.00510274,-0.44,-2.917,0.21,-11.8242,-0.009128122,-0.133798212,-0.005959505,-0.049525346,0.010884848,-0.007563071,-0.094318596,-0.111281106
2023,-0.00458496,0.17,-1.522,0.22,-216.8027,-0.008218372,-0.018822478,-0.000146232,-0.010502304,0.004717291,0.016025594,-0.042220351,-0.147623436
2023.083333,-0.00368284,-0.76,0.056,0.43,-2076.92,-0.024770346,-0.012094508,0.001230596,0.000986175,0.00193369,0.020314442,-0.011195789,-0.116262014
2023.166667,0.00075724,-1.88,-0.025,0.86,6489.4,0.014070105,-0.005841635,0.011183352,-0.016857143,0.005085205,0.007533821,0.011835789,-0.021998683
2023.25,0.00086284,-0.27,-0.37,1.25,-2072.3,0.000477035,0.01814304,0.006607424,-0.016267281,-0.0000599,0.009555759,0.007094737,-0.041117841
2023.333333,-0.0003631,-0.32,-0.09,1.57,-11524.84,-0.009014504,0.037524904,-0.017955006,-0.021400922,-0.018795009,0.027067642,0.01653614,-0.039561554
2023.416667,0.00072849,-0.46,-0.212,1.59,657.4,0.014651894,0.13552235,-0.005379078,-0.025953917,-0.044886988,0.033082267,0.015908772,0.008430546
2023.5,-0.00417976,-2.08,-0.179,1.71,18236.16,-0.007128122,0.047698595,-0.166346457,-0.171829493,-0.032559002,0.02321755,0.044877193,0.008768927
2023.583333,-0.00574844,-2.63,-0.432,2.32,17116.26,-0.012082192,-0.037231162,-0.204789651,-0.2085553,-0.037076649,0.047018282,0.025712281,0.001086241
2023.666667,-0.00737852,1.17,0.973,2.67,15176.53,-0.089033038,-0.019399745,-0.119730034,-0.181997696,-0.029445989,0.046416819,0.008265263,-0.000221198
2023.75,-0.00432514,-1.31,-1.76,2.71,7239.58,-0.009665592,0.03937931,-0.12711811,-0.215011521,-0.080655971,0.035427788,0.03970386,0.000144832
2023.833333,-0.00265584,-1.01,-0.375,2.92,1234.831,0.004663981,0.039948914,-0.044384702,-0.017997696,-0.059998574,-0.00647532,0.012276491,0.032695194
2023.916667,0.00059365,2.09,2.498,2.88,75.8208,0.008949234,0.033831418,-0.000420697,0.029624424,-0.016012834,-0.008619744,0.028625965,0.0399684
